{
  "test_0000.png": 49.124229431152344,
  "test_0001.png": 68.53694915771484,
  "test_0002.png": 51.41448974609375,
  "test_0003.png": 61.525482177734375,
  "test_0004.png": 55.964847564697266,
  "test_0005.png": 53.63792419433594,
  "test_0006.png": 56.43199920654297,
  "test_0007.png": 51.58924865722656,
  "test_0008.png": 57.00464630126953,
  "test_0009.png": 42.41053771972656,
  "test_0010.png": 48.797061920166016,
  "test_0011.png": 39.43394088745117,
  "test_0012.png": 47.81061935424805,
  "test_0013.png": 49.81265640258789,
  "test_0014.png": 58.09818649291992,
  "test_0015.png": 60.49623489379883,
  "test_0016.png": 53.40116500854492,
  "test_0017.png": 54.953208923339844,
  "test_0018.png": 47.41624450683594,
  "test_0019.png": 50.66078186035156,
  "test_0020.png": 31.51024055480957,
  "test_0021.png": 55.586212158203125,
  "test_0022.png": 43.9490966796875,
  "test_0023.png": 47.39039993286133,
  "test_0024.png": 48.576725006103516,
  "test_0025.png": 50.34675216674805,
  "test_0026.png": 44.97787857055664,
  "test_0027.png": 38.70151901245117,
  "test_0028.png": 46.6012077331543,
  "test_0029.png": 46.83029556274414,
  "test_0030.png": 55.644649505615234,
  "test_0031.png": 47.178489685058594,
  "test_0032.png": 54.94911575317383,
  "test_0033.png": 53.8395881652832,
  "test_0034.png": 39.916507720947266,
  "test_0035.png": 43.84468460083008,
  "test_0036.png": 55.40879821777344,
  "test_0037.png": 55.00619888305664,
  "test_0038.png": 59.590667724609375,
  "test_0039.png": 47.571250915527344,
  "test_0040.png": 56.5657958984375,
  "test_0041.png": 60.820838928222656,
  "test_0042.png": 41.421077728271484,
  "test_0043.png": 27.52582359313965,
  "test_0044.png": 35.986976623535156,
  "test_0045.png": 22.9686222076416,
  "test_0046.png": 30.78734016418457,
  "test_0047.png": 58.036075592041016,
  "test_0048.png": 48.29680633544922,
  "test_0049.png": 97.89927673339844,
  "test_0050.png": 49.68102264404297,
  "test_0051.png": 42.45832443237305,
  "test_0052.png": 54.16652297973633,
  "test_0053.png": 37.608951568603516,
  "test_0054.png": 36.49845886230469,
  "test_0055.png": 79.30228424072266,
  "test_0056.png": 53.56807327270508,
  "test_0057.png": 35.32779312133789,
  "test_0058.png": 36.80894470214844,
  "test_0059.png": 98.33003234863281,
  "test_0060.png": 56.574703216552734,
  "test_0061.png": 18.26897621154785,
  "test_0062.png": 37.00737762451172,
  "test_0063.png": 5.180731773376465,
  "test_0064.png": 12.93908405303955,
  "test_0065.png": 7.223016738891602,
  "test_0066.png": 2.176786422729492,
  "test_0067.png": 3.6439850330352783,
  "test_0068.png": 3.0503439903259277,
  "test_0069.png": 8.754810333251953,
  "test_0070.png": 4.116355895996094,
  "test_0071.png": 1.3619941473007202,
  "test_0072.png": 4.905325889587402,
  "test_0073.png": 6.90339469909668,
  "test_0074.png": 2.2382102012634277,
  "test_0075.png": 4.125073432922363,
  "test_0076.png": 2.61061692237854,
  "test_0077.png": 2.4752683639526367,
  "test_0078.png": 14.996268272399902,
  "test_0079.png": 13.348687171936035,
  "test_0080.png": 6.656843185424805,
  "test_0081.png": 8.896679878234863,
  "test_0082.png": 9.265510559082031
}
