{
  "test_0000.png": 0.1734904944896698,
  "test_0001.png": 0.12779732048511505,
  "test_0002.png": 0.07201538234949112,
  "test_0003.png": 0.11083310842514038,
  "test_0004.png": 0.13262662291526794,
  "test_0005.png": 0.0672948881983757,
  "test_0006.png": 0.07673873007297516,
  "test_0007.png": 0.11971458047628403,
  "test_0008.png": 0.18192172050476074,
  "test_0009.png": 0.09104183316230774,
  "test_0010.png": 0.10474522411823273,
  "test_0011.png": 0.10308197140693665,
  "test_0012.png": 0.10404711961746216,
  "test_0013.png": 0.10224919021129608,
  "test_0014.png": 0.07969649881124496,
  "test_0015.png": 0.12522931396961212,
  "test_0016.png": 0.0995648130774498,
  "test_0017.png": 0.05165860801935196,
  "test_0018.png": 0.09630722552537918,
  "test_0019.png": 0.1744542121887207,
  "test_0020.png": 0.12654341757297516,
  "test_0021.png": 0.16174380481243134,
  "test_0022.png": 0.18189620971679688,
  "test_0023.png": 0.07205591350793839,
  "test_0024.png": 0.11828216165304184,
  "test_0025.png": 0.17128720879554749,
  "test_0026.png": 0.09655587375164032,
  "test_0027.png": 0.08108559995889664,
  "test_0028.png": 0.16558003425598145,
  "test_0029.png": 0.13052330911159515,
  "test_0030.png": 0.1425124555826187,
  "test_0031.png": 0.1833099126815796,
  "test_0032.png": 0.1206267848610878,
  "test_0033.png": 0.10438396781682968,
  "test_0034.png": 0.18964585661888123,
  "test_0035.png": 0.09115458279848099,
  "test_0036.png": 0.03543712943792343,
  "test_0037.png": 0.042892638593912125,
  "test_0038.png": 0.041618648916482925,
  "test_0039.png": 0.04688830301165581,
  "test_0040.png": 0.04635977745056152,
  "test_0041.png": 0.05270356684923172,
  "test_0042.png": 0.06011396646499634,
  "test_0043.png": 0.052204206585884094,
  "test_0044.png": 0.04791403189301491,
  "test_0045.png": 0.05842498317360878,
  "test_0046.png": 0.04124070331454277,
  "test_0047.png": 0.0373649001121521,
  "test_0048.png": 0.053757354617118835,
  "test_0049.png": 0.04396328702569008,
  "test_0050.png": 0.05252894014120102,
  "test_0051.png": 0.05192505195736885,
  "test_0052.png": 0.04554540663957596,
  "test_0053.png": 0.04068218544125557,
  "test_0054.png": 0.037725724279880524,
  "test_0055.png": 0.05196915194392204,
  "test_0056.png": 0.04047248885035515,
  "test_0057.png": 0.042444027960300446,
  "test_0058.png": 0.05464370548725128,
  "test_0059.png": 0.040020398795604706,
  "test_0060.png": 0.03745453804731369,
  "test_0061.png": 0.04394904151558876,
  "test_0062.png": 0.05429385229945183,
  "test_0063.png": 0.042651496827602386,
  "test_0064.png": 0.13386258482933044,
  "test_0065.png": 0.05904447287321091,
  "test_0066.png": 0.10266724973917007,
  "test_0067.png": 0.15127681195735931,
  "test_0068.png": 0.14721006155014038,
  "test_0069.png": 0.12062279880046844,
  "test_0070.png": 0.14842264354228973,
  "test_0071.png": 0.18603515625,
  "test_0072.png": 0.18460777401924133,
  "test_0073.png": 0.13715888559818268,
  "test_0074.png": 0.1527986079454422,
  "test_0075.png": 0.13833539187908173,
  "test_0076.png": 0.11509642750024796,
  "test_0077.png": 0.12951166927814484,
  "test_0078.png": 0.15046074986457825,
  "test_0079.png": 0.13026204705238342,
  "test_0080.png": 0.08458384871482849,
  "test_0081.png": 0.041253335773944855,
  "test_0082.png": 0.05635294318199158,
  "test_0083.png": 0.11758886277675629,
  "test_0084.png": 0.11988165229558945,
  "test_0085.png": 0.15387749671936035,
  "test_0086.png": 0.17115427553653717,
  "test_0087.png": 0.15104253590106964,
  "test_0088.png": 0.15362177789211273,
  "test_0089.png": 0.15937137603759766,
  "test_0090.png": 0.10050856322050095,
  "test_0091.png": 0.14697793126106262,
  "test_0092.png": 0.09086690098047256,
  "test_0093.png": 0.11015177518129349,
  "test_0094.png": 0.10820256918668747,
  "test_0095.png": 0.06028052046895027,
  "test_0096.png": 0.11048978567123413,
  "test_0097.png": 0.13233518600463867,
  "test_0098.png": 0.14849866926670074,
  "test_0099.png": 0.06762958317995071,
  "test_0100.png": 0.13031651079654694,
  "test_0101.png": 0.10441286861896515,
  "test_0102.png": 0.12118334323167801,
  "test_0103.png": 0.14965839684009552,
  "test_0104.png": 0.1273099035024643,
  "test_0105.png": 0.1310865581035614,
  "test_0106.png": 0.17898482084274292,
  "test_0107.png": 0.055970460176467896,
  "test_0108.png": 0.14738808572292328,
  "test_0109.png": 0.12694254517555237,
  "test_0110.png": 0.14881479740142822,
  "test_0111.png": 0.14334234595298767,
  "test_0112.png": 0.05632946267724037,
  "test_0113.png": 0.06919877976179123,
  "test_0114.png": 0.11293195188045502,
  "test_0115.png": 0.14935220777988434,
  "test_0116.png": 0.04414059594273567
}
