{
  "test_0000.png": 0.9354199171066284,
  "test_0001.png": 0.9442813992500305,
  "test_0002.png": 0.947698712348938,
  "test_0003.png": 0.9556940793991089,
  "test_0004.png": 0.9482944011688232,
  "test_0005.png": 0.9463894963264465,
  "test_0006.png": 0.9507263898849487,
  "test_0007.png": 0.9423458576202393,
  "test_0008.png": 0.9429473280906677,
  "test_0009.png": 0.9229269027709961,
  "test_0010.png": 0.950941801071167,
  "test_0011.png": 0.9140064716339111,
  "test_0012.png": 0.9402787089347839,
  "test_0013.png": 0.9343665242195129,
  "test_0014.png": 0.9450293779373169,
  "test_0015.png": 0.9381148219108582,
  "test_0016.png": 0.9386775493621826,
  "test_0017.png": 0.9380139112472534,
  "test_0018.png": 0.9470785856246948,
  "test_0019.png": 0.942716121673584,
  "test_0020.png": 0.8774833083152771,
  "test_0021.png": 0.9419546723365784,
  "test_0022.png": 0.9347999095916748,
  "test_0023.png": 0.9424097537994385,
  "test_0024.png": 0.9501446485519409,
  "test_0025.png": 0.9348666667938232,
  "test_0026.png": 0.9333308935165405,
  "test_0027.png": 0.9026591777801514,
  "test_0028.png": 0.9180108904838562,
  "test_0029.png": 0.9426395893096924,
  "test_0030.png": 0.9428999423980713,
  "test_0031.png": 0.9335821866989136,
  "test_0032.png": 0.9465569257736206,
  "test_0033.png": 0.940351128578186,
  "test_0034.png": 0.91901695728302,
  "test_0035.png": 0.9347400665283203,
  "test_0036.png": 0.942355751991272,
  "test_0037.png": 0.9483476877212524,
  "test_0038.png": 0.9537312984466553,
  "test_0039.png": 0.9385085105895996,
  "test_0040.png": 0.9468404650688171,
  "test_0041.png": 0.939142107963562,
  "test_0042.png": 0.9355450868606567,
  "test_0043.png": 0.9115158319473267,
  "test_0044.png": 0.9453951120376587,
  "test_0045.png": 0.7728986144065857,
  "test_0046.png": 0.8277581930160522,
  "test_0047.png": 0.9451918601989746,
  "test_0048.png": 0.9303529858589172,
  "test_0049.png": 0.972699761390686,
  "test_0050.png": 0.9360650777816772,
  "test_0051.png": 0.9198939800262451,
  "test_0052.png": 0.9265528917312622,
  "test_0053.png": 0.9215630292892456,
  "test_0054.png": 0.8659054636955261,
  "test_0055.png": 0.9648445248603821,
  "test_0056.png": 0.9396733045578003,
  "test_0057.png": 0.9293967485427856,
  "test_0058.png": 0.8873887658119202,
  "test_0059.png": 0.9744576811790466,
  "test_0060.png": 0.9449334740638733,
  "test_0061.png": 0.7797471284866333,
  "test_0062.png": 0.8916118144989014,
  "test_0063.png": 0.2598477602005005,
  "test_0064.png": 0.21163201332092285,
  "test_0065.png": 0.244765043258667,
  "test_0066.png": 0.1489606499671936,
  "test_0067.png": 0.16411340236663818,
  "test_0068.png": 0.16347262263298035,
  "test_0069.png": 0.811302125453949,
  "test_0070.png": 0.2161290943622589,
  "test_0071.png": 0.1751854121685028,
  "test_0072.png": 0.21202027797698975,
  "test_0073.png": 0.2957925796508789,
  "test_0074.png": 0.1546505093574524,
  "test_0075.png": 0.24351829290390015,
  "test_0076.png": 0.1930689811706543,
  "test_0077.png": 0.17422029376029968,
  "test_0078.png": 0.39532560110092163,
  "test_0079.png": 0.21787706017494202,
  "test_0080.png": 0.22264394164085388,
  "test_0081.png": 0.4414507746696472,
  "test_0082.png": 0.2785065770149231
}
