{
  "test_0000.png": 0.683068573474884,
  "test_0001.png": 0.6677476167678833,
  "test_0002.png": 0.679875910282135,
  "test_0003.png": 0.693919837474823,
  "test_0004.png": 0.662670910358429,
  "test_0005.png": 0.6529602408409119,
  "test_0006.png": 0.6791955232620239,
  "test_0007.png": 0.673101544380188,
  "test_0008.png": 0.6761965751647949,
  "test_0009.png": 0.649722158908844,
  "test_0010.png": 0.6781864166259766,
  "test_0011.png": 0.6420518755912781,
  "test_0012.png": 0.6614670157432556,
  "test_0013.png": 0.6682381629943848,
  "test_0014.png": 0.6534655094146729,
  "test_0015.png": 0.6644590497016907,
  "test_0016.png": 0.669322669506073,
  "test_0017.png": 0.6685256361961365,
  "test_0018.png": 0.6780709028244019,
  "test_0019.png": 0.6667008399963379,
  "test_0020.png": 0.5604955554008484,
  "test_0021.png": 0.639222264289856,
  "test_0022.png": 0.6503818035125732,
  "test_0023.png": 0.6589240431785583,
  "test_0024.png": 0.6735554337501526,
  "test_0025.png": 0.6108015775680542,
  "test_0026.png": 0.6522943377494812,
  "test_0027.png": 0.6116154193878174,
  "test_0028.png": 0.6377642750740051,
  "test_0029.png": 0.6438947916030884,
  "test_0030.png": 0.664214015007019,
  "test_0031.png": 0.6269053220748901,
  "test_0032.png": 0.6624588966369629,
  "test_0033.png": 0.6598936319351196,
  "test_0034.png": 0.6099841594696045,
  "test_0035.png": 0.6297136545181274,
  "test_0036.png": 0.6441540718078613,
  "test_0037.png": 0.6553710103034973,
  "test_0038.png": 0.6693531274795532,
  "test_0039.png": 0.6613320112228394,
  "test_0040.png": 0.6666474938392639,
  "test_0041.png": 0.6395247578620911,
  "test_0042.png": 0.6610612869262695,
  "test_0043.png": 0.6286478042602539,
  "test_0044.png": 0.6089203357696533,
  "test_0045.png": 0.5636630654335022,
  "test_0046.png": 0.5818372964859009,
  "test_0047.png": 0.6875434517860413,
  "test_0048.png": 0.656447172164917,
  "test_0049.png": 0.6970009207725525,
  "test_0050.png": 0.6628388166427612,
  "test_0051.png": 0.6635468006134033,
  "test_0052.png": 0.6690912246704102,
  "test_0053.png": 0.6408765912055969,
  "test_0054.png": 0.6010442972183228,
  "test_0055.png": 0.7054914236068726,
  "test_0056.png": 0.6116629242897034,
  "test_0057.png": 0.6805254220962524,
  "test_0058.png": 0.6132293939590454,
  "test_0059.png": 0.7034023404121399,
  "test_0060.png": 0.6511090993881226,
  "test_0061.png": 0.5639219284057617,
  "test_0062.png": 0.6277040243148804,
  "test_0063.png": 0.46057698130607605,
  "test_0064.png": 0.4708718955516815,
  "test_0065.png": 0.4654999375343323,
  "test_0066.png": 0.44097816944122314,
  "test_0067.png": 0.45162299275398254,
  "test_0068.png": 0.4377899765968323,
  "test_0069.png": 0.48393315076828003,
  "test_0070.png": 0.46149981021881104,
  "test_0071.png": 0.44726550579071045,
  "test_0072.png": 0.47516870498657227,
  "test_0073.png": 0.4601869285106659,
  "test_0074.png": 0.45525720715522766,
  "test_0075.png": 0.4691719114780426,
  "test_0076.png": 0.4294157326221466,
  "test_0077.png": 0.44232428073883057,
  "test_0078.png": 0.47382521629333496,
  "test_0079.png": 0.4805583357810974,
  "test_0080.png": 0.4611756205558777,
  "test_0081.png": 0.5015469193458557,
  "test_0082.png": 0.47814828157424927
}
