{
  "test_0000.png": 0.8223077259778744,
  "test_0001.png": 0.8102408044644568,
  "test_0002.png": 0.8327469528858322,
  "test_0003.png": 0.853339743784423,
  "test_0004.png": 0.7937794552985185,
  "test_0005.png": 0.7545434053949797,
  "test_0006.png": 0.8290348321455674,
  "test_0007.png": 0.8114080829413955,
  "test_0008.png": 0.8256170737130868,
  "test_0009.png": 0.7349191492477044,
  "test_0010.png": 0.8368907702440803,
  "test_0011.png": 0.7061907094992761,
  "test_0012.png": 0.7757540296716668,
  "test_0013.png": 0.7914810623145078,
  "test_0014.png": 0.7812591102635059,
  "test_0015.png": 0.805225194461582,
  "test_0016.png": 0.7977153423774647,
  "test_0017.png": 0.7856774294620437,
  "test_0018.png": 0.8419681727409617,
  "test_0019.png": 0.7663875591454348,
  "test_0020.png": 0.35299645140560365,
  "test_0021.png": 0.7079657463913875,
  "test_0022.png": 0.7267052990525968,
  "test_0023.png": 0.7878680383955655,
  "test_0024.png": 0.8386905725851596,
  "test_0025.png": 0.6201465734399874,
  "test_0026.png": 0.7486493565119373,
  "test_0027.png": 0.6143379954766914,
  "test_0028.png": 0.7097330338809346,
  "test_0029.png": 0.7361125878722622,
  "test_0030.png": 0.775826094340867,
  "test_0031.png": 0.6880879087286637,
  "test_0032.png": 0.8024711437996156,
  "test_0033.png": 0.7745238704646523,
  "test_0034.png": 0.5856092042018815,
  "test_0035.png": 0.6702708182737344,
  "test_0036.png": 0.736002850559555,
  "test_0037.png": 0.7762196835086789,
  "test_0038.png": 0.8263388788941171,
  "test_0039.png": 0.8082297004586199,
  "test_0040.png": 0.8003585669711013,
  "test_0041.png": 0.6964724254579393,
  "test_0042.png": 0.7403408848050609,
  "test_0043.png": 0.5635574695793066,
  "test_0044.png": 0.5006923999593368,
  "test_0045.png": 0.3370874172320916,
  "test_0046.png": 0.42187219095892914,
  "test_0047.png": 0.8575114872949435,
  "test_0048.png": 0.7187777175125504,
  "test_0049.png": 0.8834064170622261,
  "test_0050.png": 0.7638675020190958,
  "test_0051.png": 0.7768264713939169,
  "test_0052.png": 0.8020425692927194,
  "test_0053.png": 0.6957905763459965,
  "test_0054.png": 0.36193327781168466,
  "test_0055.png": 0.8849697067374065,
  "test_0056.png": 0.5503391274407256,
  "test_0057.png": 0.8117445954236642,
  "test_0058.png": 0.47418874132588307,
  "test_0059.png": 0.8898025348844778,
  "test_0060.png": 0.7343909160462524,
  "test_0061.png": 0.33952908707823576,
  "test_0062.png": 0.5220462694342071,
  "test_0063.png": 0.11341396709903809,
  "test_0064.png": 0.1301596669533834,
  "test_0065.png": 0.11663585266532812,
  "test_0066.png": 0.09114751834321794,
  "test_0067.png": 0.1050074100553258,
  "test_0068.png": 0.09315595394719049,
  "test_0069.png": 0.18445852328014267,
  "test_0070.png": 0.12017958647099153,
  "test_0071.png": 0.09118721811323628,
  "test_0072.png": 0.11837305360947763,
  "test_0073.png": 0.10583547397766077,
  "test_0074.png": 0.09672582006154468,
  "test_0075.png": 0.11037436510197435,
  "test_0076.png": 0.07792865607653991,
  "test_0077.png": 0.08513790533252065,
  "test_0078.png": 0.14738811306387145,
  "test_0079.png": 0.1308659004624206,
  "test_0080.png": 0.1264172409227506,
  "test_0081.png": 0.19292417667442274,
  "test_0082.png": 0.1359970803848498
}
