{
  "test_0000.png": 8.16773509979248,
  "test_0001.png": 7.801969528198242,
  "test_0002.png": 6.913762092590332,
  "test_0003.png": 7.946200370788574,
  "test_0004.png": 8.099076271057129,
  "test_0005.png": 7.118149757385254,
  "test_0006.png": 7.93998908996582,
  "test_0007.png": 6.752737522125244,
  "test_0008.png": 7.616329193115234,
  "test_0009.png": 6.899480819702148,
  "test_0010.png": 7.485133647918701,
  "test_0011.png": 6.755685329437256,
  "test_0012.png": 7.7458600997924805,
  "test_0013.png": 6.953335762023926,
  "test_0014.png": 7.787868022918701,
  "test_0015.png": 7.467273712158203,
  "test_0016.png": 7.8374199867248535,
  "test_0017.png": 7.2521443367004395,
  "test_0018.png": 7.90704345703125,
  "test_0019.png": 7.0353240966796875,
  "test_0020.png": 5.393392086029053,
  "test_0021.png": 7.273808479309082,
  "test_0022.png": 7.453058242797852,
  "test_0023.png": 8.023724555969238,
  "test_0024.png": 8.417047500610352,
  "test_0025.png": 6.957931995391846,
  "test_0026.png": 7.695155143737793,
  "test_0027.png": 6.135700225830078,
  "test_0028.png": 6.487246036529541,
  "test_0029.png": 7.797487258911133,
  "test_0030.png": 7.5201897621154785,
  "test_0031.png": 7.146798610687256,
  "test_0032.png": 8.326425552368164,
  "test_0033.png": 7.150763511657715,
  "test_0034.png": 6.416209697723389,
  "test_0035.png": 5.725022792816162,
  "test_0036.png": 7.095340728759766,
  "test_0037.png": 8.053425788879395,
  "test_0038.png": 8.070589065551758,
  "test_0039.png": 7.72495698928833,
  "test_0040.png": 7.995754241943359,
  "test_0041.png": 7.6921844482421875,
  "test_0042.png": 5.671871662139893,
  "test_0043.png": 5.469315528869629,
  "test_0044.png": 3.738666534423828,
  "test_0045.png": 4.833786964416504,
  "test_0046.png": 4.750965595245361,
  "test_0047.png": 7.411871433258057,
  "test_0048.png": 5.5002522468566895,
  "test_0049.png": 8.934165954589844,
  "test_0050.png": 6.146858215332031,
  "test_0051.png": 5.833112716674805,
  "test_0052.png": 6.559272766113281,
  "test_0053.png": 5.002712249755859,
  "test_0054.png": 1.826826572418213,
  "test_0055.png": 8.500646591186523,
  "test_0056.png": 6.855352401733398,
  "test_0057.png": 6.951937198638916,
  "test_0058.png": 4.1970720291137695,
  "test_0059.png": 8.721029281616211,
  "test_0060.png": 9.804067611694336,
  "test_0061.png": 3.993445634841919,
  "test_0062.png": 2.665278196334839,
  "test_0063.png": 0.7926150560379028,
  "test_0064.png": 0.5678958296775818,
  "test_0065.png": -0.22483886778354645,
  "test_0066.png": -0.8323745131492615,
  "test_0067.png": -0.09008695930242538,
  "test_0068.png": -1.1101906299591064,
  "test_0069.png": -0.006351531948894262,
  "test_0070.png": 0.20560067892074585,
  "test_0071.png": -0.29419413208961487,
  "test_0072.png": 0.38450491428375244,
  "test_0073.png": 0.7131094932556152,
  "test_0074.png": -0.20406074821949005,
  "test_0075.png": 0.7639135122299194,
  "test_0076.png": -1.46758234500885,
  "test_0077.png": -0.42285647988319397,
  "test_0078.png": 1.5708261728286743,
  "test_0079.png": 0.75407475233078,
  "test_0080.png": -0.19765867292881012,
  "test_0081.png": 0.7184945940971375,
  "test_0082.png": 1.8691109418869019
}
