{
  "test_0000.png": 0.17871293425559998,
  "test_0001.png": 0.11764534562826157,
  "test_0002.png": 0.06487390398979187,
  "test_0003.png": 0.10099074989557266,
  "test_0004.png": 0.1273549646139145,
  "test_0005.png": 0.0517173670232296,
  "test_0006.png": 0.06509070843458176,
  "test_0007.png": 0.11820392310619354,
  "test_0008.png": 0.1824033111333847,
  "test_0009.png": 0.08556342869997025,
  "test_0010.png": 0.0975133404135704,
  "test_0011.png": 0.08120117336511612,
  "test_0012.png": 0.07831983268260956,
  "test_0013.png": 0.07692323625087738,
  "test_0014.png": 0.06436624377965927,
  "test_0015.png": 0.09877917915582657,
  "test_0016.png": 0.08837275952100754,
  "test_0017.png": 0.04932351037859917,
  "test_0018.png": 0.07941234856843948,
  "test_0019.png": 0.14544677734375,
  "test_0020.png": 0.11511300504207611,
  "test_0021.png": 0.15426863729953766,
  "test_0022.png": 0.16268400847911835,
  "test_0023.png": 0.06168511137366295,
  "test_0024.png": 0.106026291847229,
  "test_0025.png": 0.15251992642879486,
  "test_0026.png": 0.09412119537591934,
  "test_0027.png": 0.06637059897184372,
  "test_0028.png": 0.13829123973846436,
  "test_0029.png": 0.11276807636022568,
  "test_0030.png": 0.1235596314072609,
  "test_0031.png": 0.14575418829917908,
  "test_0032.png": 0.11035767942667007,
  "test_0033.png": 0.10446898639202118,
  "test_0034.png": 0.15543057024478912,
  "test_0035.png": 0.09033086150884628,
  "test_0036.png": 0.03378775343298912,
  "test_0037.png": 0.04300450161099434,
  "test_0038.png": 0.04097330942749977,
  "test_0039.png": 0.04518670216202736,
  "test_0040.png": 0.043433062732219696,
  "test_0041.png": 0.05079226940870285,
  "test_0042.png": 0.05597563460469246,
  "test_0043.png": 0.049897450953722,
  "test_0044.png": 0.04568084329366684,
  "test_0045.png": 0.054844003170728683,
  "test_0046.png": 0.041199978440999985,
  "test_0047.png": 0.03543109446763992,
  "test_0048.png": 0.05196234956383705,
  "test_0049.png": 0.04128657281398773,
  "test_0050.png": 0.051878683269023895,
  "test_0051.png": 0.0490979366004467,
  "test_0052.png": 0.043874215334653854,
  "test_0053.png": 0.04008215293288231,
  "test_0054.png": 0.03623045235872269,
  "test_0055.png": 0.05115611106157303,
  "test_0056.png": 0.03773967921733856,
  "test_0057.png": 0.03981610760092735,
  "test_0058.png": 0.04882841184735298,
  "test_0059.png": 0.04218966141343117,
  "test_0060.png": 0.03788769990205765,
  "test_0061.png": 0.04076354205608368,
  "test_0062.png": 0.04855649918317795,
  "test_0063.png": 0.038727909326553345,
  "test_0064.png": 0.1174115389585495,
  "test_0065.png": 0.054159507155418396,
  "test_0066.png": 0.0960489809513092,
  "test_0067.png": 0.12743893265724182,
  "test_0068.png": 0.12539462745189667,
  "test_0069.png": 0.10257287323474884,
  "test_0070.png": 0.12465375661849976,
  "test_0071.png": 0.1634136438369751,
  "test_0072.png": 0.1594257801771164,
  "test_0073.png": 0.12591923773288727,
  "test_0074.png": 0.13187873363494873,
  "test_0075.png": 0.12097878754138947,
  "test_0076.png": 0.10063940286636353,
  "test_0077.png": 0.1020827665925026,
  "test_0078.png": 0.12642715871334076,
  "test_0079.png": 0.09966477006673813,
  "test_0080.png": 0.07360601425170898,
  "test_0081.png": 0.03826450556516647,
  "test_0082.png": 0.04747721180319786,
  "test_0083.png": 0.10104365646839142,
  "test_0084.png": 0.09977060556411743,
  "test_0085.png": 0.12975569069385529,
  "test_0086.png": 0.142633855342865,
  "test_0087.png": 0.130314901471138,
  "test_0088.png": 0.12594769895076752,
  "test_0089.png": 0.13773158192634583,
  "test_0090.png": 0.0885467603802681,
  "test_0091.png": 0.13431493937969208,
  "test_0092.png": 0.08242175728082657,
  "test_0093.png": 0.09832422435283661,
  "test_0094.png": 0.09287466108798981,
  "test_0095.png": 0.05542993173003197,
  "test_0096.png": 0.0930023267865181,
  "test_0097.png": 0.11307530105113983,
  "test_0098.png": 0.13299648463726044,
  "test_0099.png": 0.05629958584904671,
  "test_0100.png": 0.10788844525814056,
  "test_0101.png": 0.08981030434370041,
  "test_0102.png": 0.0940227285027504,
  "test_0103.png": 0.12300874292850494,
  "test_0104.png": 0.11344686895608902,
  "test_0105.png": 0.11489636451005936,
  "test_0106.png": 0.15136949717998505,
  "test_0107.png": 0.05321371555328369,
  "test_0108.png": 0.12892718613147736,
  "test_0109.png": 0.12039091438055038,
  "test_0110.png": 0.12060850113630295,
  "test_0111.png": 0.11824806779623032,
  "test_0112.png": 0.04454605281352997,
  "test_0113.png": 0.05051131919026375,
  "test_0114.png": 0.09343762695789337,
  "test_0115.png": 0.12372709065675735,
  "test_0116.png": 0.04371606558561325
}
