{
  "test_0000.png": 0.6618616580963135,
  "test_0001.png": 0.6534097790718079,
  "test_0002.png": 0.6615346670150757,
  "test_0003.png": 0.7210673093795776,
  "test_0004.png": 0.654873251914978,
  "test_0005.png": 0.6543107032775879,
  "test_0006.png": 0.6970780491828918,
  "test_0007.png": 0.6747768521308899,
  "test_0008.png": 0.6701405644416809,
  "test_0009.png": 0.6162200570106506,
  "test_0010.png": 0.6724116206169128,
  "test_0011.png": 0.585067629814148,
  "test_0012.png": 0.6383792161941528,
  "test_0013.png": 0.6466832756996155,
  "test_0014.png": 0.6768438816070557,
  "test_0015.png": 0.6339936852455139,
  "test_0016.png": 0.6566431522369385,
  "test_0017.png": 0.6715888977050781,
  "test_0018.png": 0.6644089818000793,
  "test_0019.png": 0.6684291362762451,
  "test_0020.png": 0.49209660291671753,
  "test_0021.png": 0.6329618692398071,
  "test_0022.png": 0.6180461049079895,
  "test_0023.png": 0.6882961988449097,
  "test_0024.png": 0.691888689994812,
  "test_0025.png": 0.6238479018211365,
  "test_0026.png": 0.6307769417762756,
  "test_0027.png": 0.5368764400482178,
  "test_0028.png": 0.6057353019714355,
  "test_0029.png": 0.6417732238769531,
  "test_0030.png": 0.6586031317710876,
  "test_0031.png": 0.6317419409751892,
  "test_0032.png": 0.6634517908096313,
  "test_0033.png": 0.6642796993255615,
  "test_0034.png": 0.583279013633728,
  "test_0035.png": 0.6507071256637573,
  "test_0036.png": 0.631172776222229,
  "test_0037.png": 0.6681472659111023,
  "test_0038.png": 0.7039430737495422,
  "test_0039.png": 0.65542072057724,
  "test_0040.png": 0.6660757064819336,
  "test_0041.png": 0.6356441974639893,
  "test_0042.png": 0.6924527287483215,
  "test_0043.png": 0.6268547177314758,
  "test_0044.png": 0.7391250729560852,
  "test_0045.png": 0.4213360548019409,
  "test_0046.png": 0.45763522386550903,
  "test_0047.png": 0.7570006847381592,
  "test_0048.png": 0.7167882323265076,
  "test_0049.png": 0.8285432457923889,
  "test_0050.png": 0.7117058038711548,
  "test_0051.png": 0.6912823915481567,
  "test_0052.png": 0.7152841687202454,
  "test_0053.png": 0.696189820766449,
  "test_0054.png": 0.5799711346626282,
  "test_0055.png": 0.8136723637580872,
  "test_0056.png": 0.719708263874054,
  "test_0057.png": 0.6858471632003784,
  "test_0058.png": 0.6041672229766846,
  "test_0059.png": 0.8360776901245117,
  "test_0060.png": 0.6853668689727783,
  "test_0061.png": 0.35692140460014343,
  "test_0062.png": 0.6416336894035339,
  "test_0063.png": 0.2102523148059845,
  "test_0064.png": 0.032517168670892715,
  "test_0065.png": 0.15918384492397308,
  "test_0066.png": 0.0,
  "test_0067.png": 0.0,
  "test_0068.png": 0.0,
  "test_0069.png": 0.5339416861534119,
  "test_0070.png": 0.06490839272737503,
  "test_0071.png": 0.0,
  "test_0072.png": 0.08563870936632156,
  "test_0073.png": 0.27053168416023254,
  "test_0074.png": 0.0,
  "test_0075.png": 0.2494507133960724,
  "test_0076.png": 0.014675237238407135,
  "test_0077.png": 0.0,
  "test_0078.png": 0.28415021300315857,
  "test_0079.png": 0.033446215093135834,
  "test_0080.png": 0.16301003098487854,
  "test_0081.png": 0.37480252981185913,
  "test_0082.png": 0.210035040974617
}
