{
  "test_0000.png": 117.7323226928711,
  "test_0001.png": 128.7781219482422,
  "test_0002.png": 104.51240539550781,
  "test_0003.png": 192.3135223388672,
  "test_0004.png": 136.86297607421875,
  "test_0005.png": 129.0820770263672,
  "test_0006.png": 146.02676391601562,
  "test_0007.png": 127.43191528320312,
  "test_0008.png": 139.67982482910156,
  "test_0009.png": 94.40237426757812,
  "test_0010.png": 124.94495391845703,
  "test_0011.png": 123.66323852539062,
  "test_0012.png": 131.50888061523438,
  "test_0013.png": 121.2156753540039,
  "test_0014.png": 105.35297393798828,
  "test_0015.png": 123.79470825195312,
  "test_0016.png": 133.05162048339844,
  "test_0017.png": 96.84861755371094,
  "test_0018.png": 135.12698364257812,
  "test_0019.png": 113.68303680419922,
  "test_0020.png": 69.5465087890625,
  "test_0021.png": 102.78690338134766,
  "test_0022.png": 108.47698211669922,
  "test_0023.png": 104.7676773071289,
  "test_0024.png": 122.44453430175781,
  "test_0025.png": 92.3375244140625,
  "test_0026.png": 141.7855987548828,
  "test_0027.png": 95.06285858154297,
  "test_0028.png": 89.66202545166016,
  "test_0029.png": 133.8600616455078,
  "test_0030.png": 105.74320220947266,
  "test_0031.png": 95.95372009277344,
  "test_0032.png": 154.5720977783203,
  "test_0033.png": 123.54791259765625,
  "test_0034.png": 88.75484466552734,
  "test_0035.png": 94.5167007446289,
  "test_0036.png": 113.76419067382812,
  "test_0037.png": 106.29779052734375,
  "test_0038.png": 147.0726318359375,
  "test_0039.png": 123.35799407958984,
  "test_0040.png": 126.60751342773438,
  "test_0041.png": 131.61285400390625,
  "test_0042.png": 122.92159271240234,
  "test_0043.png": 92.7813720703125,
  "test_0044.png": 138.89309692382812,
  "test_0045.png": 74.82928466796875,
  "test_0046.png": 67.78939056396484,
  "test_0047.png": 133.55715942382812,
  "test_0048.png": 115.08731079101562,
  "test_0049.png": 998.9669799804688,
  "test_0050.png": 114.96891784667969,
  "test_0051.png": 84.35399627685547,
  "test_0052.png": 101.02682495117188,
  "test_0053.png": 98.841064453125,
  "test_0054.png": 78.10380554199219,
  "test_0055.png": 584.14697265625,
  "test_0056.png": 343.74853515625,
  "test_0057.png": 112.87442779541016,
  "test_0058.png": 83.9737777709961,
  "test_0059.png": 991.4718627929688,
  "test_0060.png": 194.0771942138672,
  "test_0061.png": 66.8077621459961,
  "test_0062.png": 110.16312408447266,
  "test_0063.png": 28.302818298339844,
  "test_0064.png": 27.510595321655273,
  "test_0065.png": 26.044572830200195,
  "test_0066.png": 34.27870178222656,
  "test_0067.png": 22.324451446533203,
  "test_0068.png": 18.539878845214844,
  "test_0069.png": 33.90816879272461,
  "test_0070.png": 24.088298797607422,
  "test_0071.png": 19.42148208618164,
  "test_0072.png": 25.259960174560547,
  "test_0073.png": 27.111038208007812,
  "test_0074.png": 22.18799591064453,
  "test_0075.png": 26.828006744384766,
  "test_0076.png": 20.394868850708008,
  "test_0077.png": 40.94047927856445,
  "test_0078.png": 39.81861114501953,
  "test_0079.png": 40.6155891418457,
  "test_0080.png": 69.94849395751953,
  "test_0081.png": 24.922239303588867,
  "test_0082.png": 30.39789581298828
}
