{
  "test_0000.png": 0.7655611038208008,
  "test_0001.png": 0.3417113423347473,
  "test_0002.png": 0.1858135610818863,
  "test_0003.png": 0.2713605761528015,
  "test_0004.png": 0.49105483293533325,
  "test_0005.png": 0.2669658064842224,
  "test_0006.png": 0.12968312203884125,
  "test_0007.png": 0.19330914318561554,
  "test_0008.png": 0.9207616448402405,
  "test_0009.png": 0.3595123887062073,
  "test_0010.png": 0.4781460762023926,
  "test_0011.png": 0.20608270168304443,
  "test_0012.png": 0.43582332134246826,
  "test_0013.png": 0.43515804409980774,
  "test_0014.png": 0.030900297686457634,
  "test_0015.png": 0.22057664394378662,
  "test_0016.png": 0.29390716552734375,
  "test_0017.png": 0.1668892800807953,
  "test_0018.png": 0.21166293323040009,
  "test_0019.png": 0.7887073159217834,
  "test_0020.png": 0.3394263684749603,
  "test_0021.png": 0.5158114433288574,
  "test_0022.png": 0.6214435696601868,
  "test_0023.png": 0.25690406560897827,
  "test_0024.png": 0.4167543649673462,
  "test_0025.png": 0.49354591965675354,
  "test_0026.png": 0.3452306091785431,
  "test_0027.png": 0.191389799118042,
  "test_0028.png": 0.8535851836204529,
  "test_0029.png": 0.38930603861808777,
  "test_0030.png": 0.6695027351379395,
  "test_0031.png": 1.0,
  "test_0032.png": 0.5263033509254456,
  "test_0033.png": 0.467559278011322,
  "test_0034.png": 0.857304573059082,
  "test_0035.png": 0.35117557644844055,
  "test_0036.png": 0.0,
  "test_0037.png": 0.02878575772047043,
  "test_0038.png": 0.03785879537463188,
  "test_0039.png": 0.03562498092651367,
  "test_0040.png": 0.0629250630736351,
  "test_0041.png": 0.08224478363990784,
  "test_0042.png": 0.0813339501619339,
  "test_0043.png": 0.08069702237844467,
  "test_0044.png": 0.08067948371171951,
  "test_0045.png": 0.10864140093326569,
  "test_0046.png": 0.0,
  "test_0047.png": 0.06399338692426682,
  "test_0048.png": 0.1081390306353569,
  "test_0049.png": 0.03396093472838402,
  "test_0050.png": 0.11641953885555267,
  "test_0051.png": 0.11686303466558456,
  "test_0052.png": 0.08532687276601791,
  "test_0053.png": 0.0031969049014151096,
  "test_0054.png": 0.04906478524208069,
  "test_0055.png": 0.15571819245815277,
  "test_0056.png": 0.07320723682641983,
  "test_0057.png": 0.03854912519454956,
  "test_0058.png": 0.10115475207567215,
  "test_0059.png": 0.12788428366184235,
  "test_0060.png": 0.028147906064987183,
  "test_0061.png": 0.10364087671041489,
  "test_0062.png": 0.03967259079217911,
  "test_0063.png": 0.004904225002974272,
  "test_0064.png": 0.32961228489875793,
  "test_0065.png": 0.07149163633584976,
  "test_0066.png": 0.31957805156707764,
  "test_0067.png": 0.4421025812625885,
  "test_0068.png": 0.48856186866760254,
  "test_0069.png": 0.4521457254886627,
  "test_0070.png": 0.42506980895996094,
  "test_0071.png": 0.6349793672561646,
  "test_0072.png": 0.8169960379600525,
  "test_0073.png": 0.671794593334198,
  "test_0074.png": 0.43238797783851624,
  "test_0075.png": 0.4844478964805603,
  "test_0076.png": 0.1979340761899948,
  "test_0077.png": 0.4873281717300415,
  "test_0078.png": 0.6228479743003845,
  "test_0079.png": 0.4541601836681366,
  "test_0080.png": 0.2201957106590271,
  "test_0081.png": 0.013410625979304314,
  "test_0082.png": 0.07226119190454483,
  "test_0083.png": 0.16614043712615967,
  "test_0084.png": 0.2022514045238495,
  "test_0085.png": 0.36381906270980835,
  "test_0086.png": 0.5901775360107422,
  "test_0087.png": 0.3602972626686096,
  "test_0088.png": 0.6035476326942444,
  "test_0089.png": 0.3196009695529938,
  "test_0090.png": 0.20668864250183105,
  "test_0091.png": 0.5437408685684204,
  "test_0092.png": 0.10112588852643967,
  "test_0093.png": 0.381774365901947,
  "test_0094.png": 0.3516853451728821,
  "test_0095.png": 0.11413043737411499,
  "test_0096.png": 0.13750992715358734,
  "test_0097.png": 0.10355115681886673,
  "test_0098.png": 0.602828860282898,
  "test_0099.png": 0.0993649885058403,
  "test_0100.png": 0.19081588089466095,
  "test_0101.png": 0.2542954683303833,
  "test_0102.png": 0.5580416917800903,
  "test_0103.png": 0.8704511523246765,
  "test_0104.png": 0.6394616365432739,
  "test_0105.png": 0.5213860869407654,
  "test_0106.png": 0.8635078072547913,
  "test_0107.png": 0.12451637536287308,
  "test_0108.png": 0.675649106502533,
  "test_0109.png": 0.34482747316360474,
  "test_0110.png": 0.6000216007232666,
  "test_0111.png": 0.8959529399871826,
  "test_0112.png": 0.050276730209589005,
  "test_0113.png": 0.10042860358953476,
  "test_0114.png": 0.49394723773002625,
  "test_0115.png": 1.0,
  "test_0116.png": 0.05659070238471031
}
