{
  "test_0000.png": 1.0,
  "test_0001.png": 0.9999991655349731,
  "test_0002.png": 0.9999890327453613,
  "test_0003.png": 0.9999988079071045,
  "test_0004.png": 1.0,
  "test_0005.png": 0.9986594915390015,
  "test_0006.png": 0.954312801361084,
  "test_0007.png": 0.9998617172241211,
  "test_0008.png": 1.0,
  "test_0009.png": 0.9999990463256836,
  "test_0010.png": 0.9999997615814209,
  "test_0011.png": 1.0,
  "test_0012.png": 1.0,
  "test_0013.png": 0.9999998807907104,
  "test_0014.png": 0.9853003621101379,
  "test_0015.png": 0.9999868869781494,
  "test_0016.png": 0.9999802112579346,
  "test_0017.png": 0.9975103139877319,
  "test_0018.png": 0.9999985694885254,
  "test_0019.png": 1.0,
  "test_0020.png": 1.0,
  "test_0021.png": 1.0,
  "test_0022.png": 1.0,
  "test_0023.png": 0.999962329864502,
  "test_0024.png": 1.0,
  "test_0025.png": 1.0,
  "test_0026.png": 1.0,
  "test_0027.png": 0.9990116357803345,
  "test_0028.png": 1.0,
  "test_0029.png": 0.9999994039535522,
  "test_0030.png": 1.0,
  "test_0031.png": 1.0,
  "test_0032.png": 1.0,
  "test_0033.png": 1.0,
  "test_0034.png": 1.0,
  "test_0035.png": 1.0,
  "test_0036.png": 0.10589597374200821,
  "test_0037.png": 0.10259688645601273,
  "test_0038.png": 0.7412076592445374,
  "test_0039.png": 0.8155087828636169,
  "test_0040.png": 0.5672813057899475,
  "test_0041.png": 0.4158386290073395,
  "test_0042.png": 0.8747726678848267,
  "test_0043.png": 0.3792504072189331,
  "test_0044.png": 0.9736087322235107,
  "test_0045.png": 0.9649412631988525,
  "test_0046.png": 0.14546965062618256,
  "test_0047.png": 0.10332994908094406,
  "test_0048.png": 0.9982605576515198,
  "test_0049.png": 0.9569085836410522,
  "test_0050.png": 0.9375704526901245,
  "test_0051.png": 0.9604706764221191,
  "test_0052.png": 0.17191214859485626,
  "test_0053.png": 0.09762541949748993,
  "test_0054.png": 0.22458165884017944,
  "test_0055.png": 0.23980699479579926,
  "test_0056.png": 0.4215564727783203,
  "test_0057.png": 0.06496403366327286,
  "test_0058.png": 0.2815183997154236,
  "test_0059.png": 0.1083482876420021,
  "test_0060.png": 0.11637203395366669,
  "test_0061.png": 0.17930111289024353,
  "test_0062.png": 0.18319083750247955,
  "test_0063.png": 0.1318725347518921,
  "test_0064.png": 0.9999964237213135,
  "test_0065.png": 0.9943524599075317,
  "test_0066.png": 0.9999995231628418,
  "test_0067.png": 1.0,
  "test_0068.png": 1.0,
  "test_0069.png": 1.0,
  "test_0070.png": 1.0,
  "test_0071.png": 1.0,
  "test_0072.png": 1.0,
  "test_0073.png": 1.0,
  "test_0074.png": 1.0,
  "test_0075.png": 1.0,
  "test_0076.png": 0.9999985694885254,
  "test_0077.png": 1.0,
  "test_0078.png": 1.0,
  "test_0079.png": 1.0,
  "test_0080.png": 0.9999992847442627,
  "test_0081.png": 0.24143363535404205,
  "test_0082.png": 0.97479248046875,
  "test_0083.png": 0.9997873902320862,
  "test_0084.png": 1.0,
  "test_0085.png": 1.0,
  "test_0086.png": 1.0,
  "test_0087.png": 1.0,
  "test_0088.png": 1.0,
  "test_0089.png": 1.0,
  "test_0090.png": 0.9999998807907104,
  "test_0091.png": 1.0,
  "test_0092.png": 0.999996542930603,
  "test_0093.png": 1.0,
  "test_0094.png": 1.0,
  "test_0095.png": 0.9991347193717957,
  "test_0096.png": 0.9999988079071045,
  "test_0097.png": 0.9999744892120361,
  "test_0098.png": 1.0,
  "test_0099.png": 0.9999529123306274,
  "test_0100.png": 1.0,
  "test_0101.png": 1.0,
  "test_0102.png": 0.9999996423721313,
  "test_0103.png": 1.0,
  "test_0104.png": 1.0,
  "test_0105.png": 1.0,
  "test_0106.png": 1.0,
  "test_0107.png": 0.9839783310890198,
  "test_0108.png": 1.0,
  "test_0109.png": 0.9999986886978149,
  "test_0110.png": 1.0,
  "test_0111.png": 1.0,
  "test_0112.png": 0.9993252754211426,
  "test_0113.png": 0.8089777827262878,
  "test_0114.png": 0.9999984502792358,
  "test_0115.png": 1.0,
  "test_0116.png": 0.9653244614601135
}
