{
  "test_0000.png": 33.61928176879883,
  "test_0001.png": 33.3078498840332,
  "test_0002.png": 27.20693588256836,
  "test_0003.png": 36.45895004272461,
  "test_0004.png": 30.010332107543945,
  "test_0005.png": 30.601699829101562,
  "test_0006.png": 31.938268661499023,
  "test_0007.png": 31.16461753845215,
  "test_0008.png": 39.258880615234375,
  "test_0009.png": 15.771916389465332,
  "test_0010.png": 35.1553955078125,
  "test_0011.png": 29.91670799255371,
  "test_0012.png": 29.846391677856445,
  "test_0013.png": 26.077835083007812,
  "test_0014.png": 21.566923141479492,
  "test_0015.png": 33.1107177734375,
  "test_0016.png": 36.31918716430664,
  "test_0017.png": 22.76776885986328,
  "test_0018.png": 40.028499603271484,
  "test_0019.png": 32.257659912109375,
  "test_0020.png": 14.799558639526367,
  "test_0021.png": 26.307722091674805,
  "test_0022.png": 22.318492889404297,
  "test_0023.png": 21.055862426757812,
  "test_0024.png": 27.790773391723633,
  "test_0025.png": 22.479291915893555,
  "test_0026.png": 26.827198028564453,
  "test_0027.png": 15.933451652526855,
  "test_0028.png": 23.544065475463867,
  "test_0029.png": 31.397199630737305,
  "test_0030.png": 20.1798038482666,
  "test_0031.png": 19.020641326904297,
  "test_0032.png": 38.606689453125,
  "test_0033.png": 36.14277648925781,
  "test_0034.png": 16.848886489868164,
  "test_0035.png": 25.050832748413086,
  "test_0036.png": 27.552427291870117,
  "test_0037.png": 22.782346725463867,
  "test_0038.png": 30.40480613708496,
  "test_0039.png": 36.427345275878906,
  "test_0040.png": 28.98398208618164,
  "test_0041.png": 34.2695198059082,
  "test_0042.png": 21.487422943115234,
  "test_0043.png": 17.193323135375977,
  "test_0044.png": 17.27613639831543,
  "test_0045.png": 11.62432861328125,
  "test_0046.png": 20.350269317626953,
  "test_0047.png": 28.761981964111328,
  "test_0048.png": 18.809524536132812,
  "test_0049.png": 90.35344696044922,
  "test_0050.png": 17.684860229492188,
  "test_0051.png": 12.433582305908203,
  "test_0052.png": 12.433234214782715,
  "test_0053.png": 14.874239921569824,
  "test_0054.png": 12.006909370422363,
  "test_0055.png": 53.672332763671875,
  "test_0056.png": 40.807151794433594,
  "test_0057.png": 16.76914405822754,
  "test_0058.png": 16.198200225830078,
  "test_0059.png": 79.2641372680664,
  "test_0060.png": 46.6345100402832,
  "test_0061.png": 19.1472110748291,
  "test_0062.png": 15.294718742370605,
  "test_0063.png": 2.988863468170166,
  "test_0064.png": 6.941648006439209,
  "test_0065.png": 3.124810218811035,
  "test_0066.png": 4.307197570800781,
  "test_0067.png": 2.522859573364258,
  "test_0068.png": 1.7244840860366821,
  "test_0069.png": 3.3776724338531494,
  "test_0070.png": 2.818150043487549,
  "test_0071.png": 2.1832451820373535,
  "test_0072.png": 3.703052043914795,
  "test_0073.png": 4.494329929351807,
  "test_0074.png": 1.9481908082962036,
  "test_0075.png": 3.5813796520233154,
  "test_0076.png": 2.2387070655822754,
  "test_0077.png": 4.909433841705322,
  "test_0078.png": 5.016429901123047,
  "test_0079.png": 3.9768829345703125,
  "test_0080.png": 6.469878673553467,
  "test_0081.png": 3.02913761138916,
  "test_0082.png": 3.835523843765259
}
