{
  "test_0000.png": 38.37590789794922,
  "test_0001.png": 24.707805633544922,
  "test_0002.png": 22.26034927368164,
  "test_0003.png": 26.446231842041016,
  "test_0004.png": 28.3568172454834,
  "test_0005.png": 23.09388542175293,
  "test_0006.png": 23.142683029174805,
  "test_0007.png": 22.25390625,
  "test_0008.png": 35.56962203979492,
  "test_0009.png": 25.061500549316406,
  "test_0010.png": 23.640621185302734,
  "test_0011.png": 23.914119720458984,
  "test_0012.png": 33.0169677734375,
  "test_0013.png": 33.60483932495117,
  "test_0014.png": 22.75617027282715,
  "test_0015.png": 28.011367797851562,
  "test_0016.png": 24.10533332824707,
  "test_0017.png": 22.59751319885254,
  "test_0018.png": 24.85294532775879,
  "test_0019.png": 36.20690155029297,
  "test_0020.png": 29.887889862060547,
  "test_0021.png": 30.13037872314453,
  "test_0022.png": 37.38173294067383,
  "test_0023.png": 25.95040512084961,
  "test_0024.png": 27.240976333618164,
  "test_0025.png": 34.85823440551758,
  "test_0026.png": 26.946826934814453,
  "test_0027.png": 27.510602951049805,
  "test_0028.png": 39.02644348144531,
  "test_0029.png": 25.707305908203125,
  "test_0030.png": 31.50614356994629,
  "test_0031.png": 47.77819061279297,
  "test_0032.png": 31.647321701049805,
  "test_0033.png": 27.581378936767578,
  "test_0034.png": 37.65861129760742,
  "test_0035.png": 28.997703552246094,
  "test_0036.png": 21.844648361206055,
  "test_0037.png": 24.29370880126953,
  "test_0038.png": 24.398395538330078,
  "test_0039.png": 25.540002822875977,
  "test_0040.png": 24.066043853759766,
  "test_0041.png": 25.831384658813477,
  "test_0042.png": 28.331676483154297,
  "test_0043.png": 24.879899978637695,
  "test_0044.png": 23.54545783996582,
  "test_0045.png": 27.576818466186523,
  "test_0046.png": 21.735990524291992,
  "test_0047.png": 22.57852554321289,
  "test_0048.png": 22.912153244018555,
  "test_0049.png": 21.286972045898438,
  "test_0050.png": 27.873937606811523,
  "test_0051.png": 24.039384841918945,
  "test_0052.png": 24.33403205871582,
  "test_0053.png": 22.028257369995117,
  "test_0054.png": 24.252765655517578,
  "test_0055.png": 26.989334106445312,
  "test_0056.png": 23.57439422607422,
  "test_0057.png": 22.431026458740234,
  "test_0058.png": 28.240436553955078,
  "test_0059.png": 27.052989959716797,
  "test_0060.png": 24.108592987060547,
  "test_0061.png": 25.359939575195312,
  "test_0062.png": 24.389137268066406,
  "test_0063.png": 22.555233001708984,
  "test_0064.png": 30.014402389526367,
  "test_0065.png": 22.017370223999023,
  "test_0066.png": 24.923158645629883,
  "test_0067.png": 31.74578094482422,
  "test_0068.png": 36.650917053222656,
  "test_0069.png": 32.97871398925781,
  "test_0070.png": 38.97259521484375,
  "test_0071.png": 40.73881912231445,
  "test_0072.png": 31.52240562438965,
  "test_0073.png": 32.9802360534668,
  "test_0074.png": 33.37382507324219,
  "test_0075.png": 36.62482452392578,
  "test_0076.png": 27.97185516357422,
  "test_0077.png": 42.730743408203125,
  "test_0078.png": 49.42275619506836,
  "test_0079.png": 32.8625602722168,
  "test_0080.png": 31.432308197021484,
  "test_0081.png": 21.75255584716797,
  "test_0082.png": 23.66339683532715,
  "test_0083.png": 23.904769897460938,
  "test_0084.png": 27.097179412841797,
  "test_0085.png": 31.20111846923828,
  "test_0086.png": 35.32708740234375,
  "test_0087.png": 32.12594223022461,
  "test_0088.png": 33.92640686035156,
  "test_0089.png": 29.81239891052246,
  "test_0090.png": 25.252761840820312,
  "test_0091.png": 35.918277740478516,
  "test_0092.png": 23.12965202331543,
  "test_0093.png": 30.87261962890625,
  "test_0094.png": 36.623050689697266,
  "test_0095.png": 23.79388427734375,
  "test_0096.png": 22.483949661254883,
  "test_0097.png": 23.874156951904297,
  "test_0098.png": 43.20295715332031,
  "test_0099.png": 24.747465133666992,
  "test_0100.png": 23.556873321533203,
  "test_0101.png": 28.61223793029785,
  "test_0102.png": 30.21078872680664,
  "test_0103.png": 50.325225830078125,
  "test_0104.png": 39.09775161743164,
  "test_0105.png": 35.53883743286133,
  "test_0106.png": 42.53800582885742,
  "test_0107.png": 24.767671585083008,
  "test_0108.png": 29.206153869628906,
  "test_0109.png": 28.210901260375977,
  "test_0110.png": 45.454288482666016,
  "test_0111.png": 36.96783447265625,
  "test_0112.png": 23.367143630981445,
  "test_0113.png": 24.51578140258789,
  "test_0114.png": 28.824892044067383,
  "test_0115.png": 51.40748977661133,
  "test_0116.png": 25.171667098999023
}
