{
  "test_0000.png": 99.22278594970703,
  "test_0001.png": 78.46490478515625,
  "test_0002.png": 30.710872650146484,
  "test_0003.png": 104.68970489501953,
  "test_0004.png": 50.380008697509766,
  "test_0005.png": 40.48859786987305,
  "test_0006.png": 102.33769226074219,
  "test_0007.png": 35.941890716552734,
  "test_0008.png": 100.73115539550781,
  "test_0009.png": 21.594470977783203,
  "test_0010.png": 68.81929779052734,
  "test_0011.png": 16.735332489013672,
  "test_0012.png": 38.30118179321289,
  "test_0013.png": 47.798587799072266,
  "test_0014.png": 70.0868148803711,
  "test_0015.png": 49.91791915893555,
  "test_0016.png": 79.94864654541016,
  "test_0017.png": 32.74764633178711,
  "test_0018.png": 34.216285705566406,
  "test_0019.png": 62.18739318847656,
  "test_0020.png": 21.07969856262207,
  "test_0021.png": 79.04683685302734,
  "test_0022.png": 54.19369125366211,
  "test_0023.png": 32.8145637512207,
  "test_0024.png": 128.41629028320312,
  "test_0025.png": 34.017578125,
  "test_0026.png": 33.5532112121582,
  "test_0027.png": 43.14444351196289,
  "test_0028.png": 37.78487014770508,
  "test_0029.png": 68.4488754272461,
  "test_0030.png": 39.411991119384766,
  "test_0031.png": 88.86651611328125,
  "test_0032.png": 43.2817497253418,
  "test_0033.png": 70.25444030761719,
  "test_0034.png": 36.39017105102539,
  "test_0035.png": 23.19369125366211,
  "test_0036.png": 58.26381301879883,
  "test_0037.png": 54.03400421142578,
  "test_0038.png": 57.488548278808594,
  "test_0039.png": 98.94720458984375,
  "test_0040.png": 112.09143829345703,
  "test_0041.png": 72.39986419677734,
  "test_0042.png": 48.31932067871094,
  "test_0043.png": 13.38259506225586,
  "test_0044.png": 24.138404846191406,
  "test_0045.png": 16.600650787353516,
  "test_0046.png": 18.1654052734375,
  "test_0047.png": 55.48511505126953,
  "test_0048.png": 72.77112579345703,
  "test_0049.png": 87.74098205566406,
  "test_0050.png": 46.02598190307617,
  "test_0051.png": 91.45528411865234,
  "test_0052.png": 47.98412322998047,
  "test_0053.png": 11.134119033813477,
  "test_0054.png": 32.107269287109375,
  "test_0055.png": 88.38023376464844,
  "test_0056.png": 56.62391662597656,
  "test_0057.png": 26.24070167541504,
  "test_0058.png": 11.473956108093262,
  "test_0059.png": 229.74522399902344,
  "test_0060.png": 66.27494812011719,
  "test_0061.png": 21.88483428955078,
  "test_0062.png": 10.229156494140625,
  "test_0063.png": 2.4737281799316406,
  "test_0064.png": 2.90695858001709,
  "test_0065.png": 2.566812515258789,
  "test_0066.png": 2.7618961334228516,
  "test_0067.png": 3.4141836166381836,
  "test_0068.png": 2.546483278274536,
  "test_0069.png": 3.8606653213500977,
  "test_0070.png": 3.218348264694214,
  "test_0071.png": 2.0794832706451416,
  "test_0072.png": 2.050391674041748,
  "test_0073.png": 3.900529623031616,
  "test_0074.png": 2.141662120819092,
  "test_0075.png": 3.0376338958740234,
  "test_0076.png": 2.0210888385772705,
  "test_0077.png": 1.6929694414138794,
  "test_0078.png": 3.252119302749634,
  "test_0079.png": 5.765248775482178,
  "test_0080.png": 8.54601001739502,
  "test_0081.png": 3.0917351245880127,
  "test_0082.png": 4.6319732666015625
}
