{
  "test_0000.png": 0.19173061847686768,
  "test_0001.png": 0.1530867964029312,
  "test_0002.png": 0.14575020968914032,
  "test_0003.png": 0.16164444386959076,
  "test_0004.png": 0.18463532626628876,
  "test_0005.png": 0.16661390662193298,
  "test_0006.png": 0.12455414235591888,
  "test_0007.png": 0.16823382675647736,
  "test_0008.png": 0.1995050609111786,
  "test_0009.png": 0.16721118986606598,
  "test_0010.png": 0.16602152585983276,
  "test_0011.png": 0.15228360891342163,
  "test_0012.png": 0.1802995502948761,
  "test_0013.png": 0.17110005021095276,
  "test_0014.png": 0.14567384123802185,
  "test_0015.png": 0.16179946064949036,
  "test_0016.png": 0.15577413141727448,
  "test_0017.png": 0.14268554747104645,
  "test_0018.png": 0.1552411913871765,
  "test_0019.png": 0.25473925471305847,
  "test_0020.png": 0.20026950538158417,
  "test_0021.png": 0.227259561419487,
  "test_0022.png": 0.23371712863445282,
  "test_0023.png": 0.17407044768333435,
  "test_0024.png": 0.1977854073047638,
  "test_0025.png": 0.23341600596904755,
  "test_0026.png": 0.1922197937965393,
  "test_0027.png": 0.15856309235095978,
  "test_0028.png": 0.21522918343544006,
  "test_0029.png": 0.1879473477602005,
  "test_0030.png": 0.22836045920848846,
  "test_0031.png": 0.26330700516700745,
  "test_0032.png": 0.22504235804080963,
  "test_0033.png": 0.1977643370628357,
  "test_0034.png": 0.2533716559410095,
  "test_0035.png": 0.18273966014385223,
  "test_0036.png": 0.08763439953327179,
  "test_0037.png": 0.09357469528913498,
  "test_0038.png": 0.09443674981594086,
  "test_0039.png": 0.10220293700695038,
  "test_0040.png": 0.10239303112030029,
  "test_0041.png": 0.09688306599855423,
  "test_0042.png": 0.10190224647521973,
  "test_0043.png": 0.09639135003089905,
  "test_0044.png": 0.09611225873231888,
  "test_0045.png": 0.10412774980068207,
  "test_0046.png": 0.08863011747598648,
  "test_0047.png": 0.09355923533439636,
  "test_0048.png": 0.09753969311714172,
  "test_0049.png": 0.09451768547296524,
  "test_0050.png": 0.10687913745641708,
  "test_0051.png": 0.10098082572221756,
  "test_0052.png": 0.09508206695318222,
  "test_0053.png": 0.09545086324214935,
  "test_0054.png": 0.09842247515916824,
  "test_0055.png": 0.09179195016622543,
  "test_0056.png": 0.09253980219364166,
  "test_0057.png": 0.09574763476848602,
  "test_0058.png": 0.09434841573238373,
  "test_0059.png": 0.0989701971411705,
  "test_0060.png": 0.09102090448141098,
  "test_0061.png": 0.09334680438041687,
  "test_0062.png": 0.08275914192199707,
  "test_0063.png": 0.08652035146951675,
  "test_0064.png": 0.18406285345554352,
  "test_0065.png": 0.12022283673286438,
  "test_0066.png": 0.18736772239208221,
  "test_0067.png": 0.18859155476093292,
  "test_0068.png": 0.2144763320684433,
  "test_0069.png": 0.21170799434185028,
  "test_0070.png": 0.22772349417209625,
  "test_0071.png": 0.25416675209999084,
  "test_0072.png": 0.2630387246608734,
  "test_0073.png": 0.2265419065952301,
  "test_0074.png": 0.2150242030620575,
  "test_0075.png": 0.2125818133354187,
  "test_0076.png": 0.17561514675617218,
  "test_0077.png": 0.2146051824092865,
  "test_0078.png": 0.20383349061012268,
  "test_0079.png": 0.19110900163650513,
  "test_0080.png": 0.17618902027606964,
  "test_0081.png": 0.10114048421382904,
  "test_0082.png": 0.12746229767799377,
  "test_0083.png": 0.1674230396747589,
  "test_0084.png": 0.17726759612560272,
  "test_0085.png": 0.1945183426141739,
  "test_0086.png": 0.22890610992908478,
  "test_0087.png": 0.20772811770439148,
  "test_0088.png": 0.2049422711133957,
  "test_0089.png": 0.19762732088565826,
  "test_0090.png": 0.17194987833499908,
  "test_0091.png": 0.2316330075263977,
  "test_0092.png": 0.16688844561576843,
  "test_0093.png": 0.1890355944633484,
  "test_0094.png": 0.18805691599845886,
  "test_0095.png": 0.15658366680145264,
  "test_0096.png": 0.16725285351276398,
  "test_0097.png": 0.16433902084827423,
  "test_0098.png": 0.21503515541553497,
  "test_0099.png": 0.1425541490316391,
  "test_0100.png": 0.15630851686000824,
  "test_0101.png": 0.17329983413219452,
  "test_0102.png": 0.1955178827047348,
  "test_0103.png": 0.24615725874900818,
  "test_0104.png": 0.20733824372291565,
  "test_0105.png": 0.18819379806518555,
  "test_0106.png": 0.26019200682640076,
  "test_0107.png": 0.11140665411949158,
  "test_0108.png": 0.18175101280212402,
  "test_0109.png": 0.15545408427715302,
  "test_0110.png": 0.24349083006381989,
  "test_0111.png": 0.22633522748947144,
  "test_0112.png": 0.14898958802223206,
  "test_0113.png": 0.10561318695545197,
  "test_0114.png": 0.1570110023021698,
  "test_0115.png": 0.2317938655614853,
  "test_0116.png": 0.1156729981303215
}
