{
  "test_0000.png": 0.6381113529205322,
  "test_0001.png": 0.5963018536567688,
  "test_0002.png": 0.5451958179473877,
  "test_0003.png": 0.581455647945404,
  "test_0004.png": 0.6016477346420288,
  "test_0005.png": 0.5522301197052002,
  "test_0006.png": 0.5383306741714478,
  "test_0007.png": 0.6041578054428101,
  "test_0008.png": 0.6466792225837708,
  "test_0009.png": 0.5762690901756287,
  "test_0010.png": 0.5923744440078735,
  "test_0011.png": 0.559249222278595,
  "test_0012.png": 0.5940343737602234,
  "test_0013.png": 0.5795746445655823,
  "test_0014.png": 0.5408504605293274,
  "test_0015.png": 0.6048625707626343,
  "test_0016.png": 0.5561785101890564,
  "test_0017.png": 0.5044766068458557,
  "test_0018.png": 0.5726463198661804,
  "test_0019.png": 0.6407892107963562,
  "test_0020.png": 0.5948402881622314,
  "test_0021.png": 0.6270312070846558,
  "test_0022.png": 0.6485755443572998,
  "test_0023.png": 0.5616892576217651,
  "test_0024.png": 0.6031729578971863,
  "test_0025.png": 0.6369741559028625,
  "test_0026.png": 0.6030389666557312,
  "test_0027.png": 0.5501506328582764,
  "test_0028.png": 0.6251382231712341,
  "test_0029.png": 0.6178550720214844,
  "test_0030.png": 0.6302719116210938,
  "test_0031.png": 0.6513148546218872,
  "test_0032.png": 0.5933277010917664,
  "test_0033.png": 0.581783652305603,
  "test_0034.png": 0.6478091478347778,
  "test_0035.png": 0.5825372934341431,
  "test_0036.png": 0.45315754413604736,
  "test_0037.png": 0.4453006982803345,
  "test_0038.png": 0.47498080134391785,
  "test_0039.png": 0.4729180335998535,
  "test_0040.png": 0.4750399589538574,
  "test_0041.png": 0.4744163453578949,
  "test_0042.png": 0.47771766781806946,
  "test_0043.png": 0.4803064465522766,
  "test_0044.png": 0.46101242303848267,
  "test_0045.png": 0.4779866933822632,
  "test_0046.png": 0.4677315056324005,
  "test_0047.png": 0.46269699931144714,
  "test_0048.png": 0.48728910088539124,
  "test_0049.png": 0.47538256645202637,
  "test_0050.png": 0.47543779015541077,
  "test_0051.png": 0.47222477197647095,
  "test_0052.png": 0.46907106041908264,
  "test_0053.png": 0.46498730778694153,
  "test_0054.png": 0.4581565856933594,
  "test_0055.png": 0.4836794435977936,
  "test_0056.png": 0.45862075686454773,
  "test_0057.png": 0.47430306673049927,
  "test_0058.png": 0.46524497866630554,
  "test_0059.png": 0.45519351959228516,
  "test_0060.png": 0.4653686583042145,
  "test_0061.png": 0.4781126379966736,
  "test_0062.png": 0.4598420560359955,
  "test_0063.png": 0.46424415707588196,
  "test_0064.png": 0.589652955532074,
  "test_0065.png": 0.4777941107749939,
  "test_0066.png": 0.5573641657829285,
  "test_0067.png": 0.6212269067764282,
  "test_0068.png": 0.626182496547699,
  "test_0069.png": 0.6047278642654419,
  "test_0070.png": 0.6211881637573242,
  "test_0071.png": 0.6408594250679016,
  "test_0072.png": 0.6550607681274414,
  "test_0073.png": 0.623407244682312,
  "test_0074.png": 0.6150092482566833,
  "test_0075.png": 0.6241181492805481,
  "test_0076.png": 0.5911955237388611,
  "test_0077.png": 0.6049832701683044,
  "test_0078.png": 0.6149681806564331,
  "test_0079.png": 0.6081113219261169,
  "test_0080.png": 0.5680027604103088,
  "test_0081.png": 0.46214014291763306,
  "test_0082.png": 0.4846111536026001,
  "test_0083.png": 0.5287110209465027,
  "test_0084.png": 0.5926721692085266,
  "test_0085.png": 0.6238595247268677,
  "test_0086.png": 0.632077157497406,
  "test_0087.png": 0.6360681056976318,
  "test_0088.png": 0.6205317378044128,
  "test_0089.png": 0.597844123840332,
  "test_0090.png": 0.5794927477836609,
  "test_0091.png": 0.6285183429718018,
  "test_0092.png": 0.5587789416313171,
  "test_0093.png": 0.60068678855896,
  "test_0094.png": 0.5923008322715759,
  "test_0095.png": 0.4999701678752899,
  "test_0096.png": 0.5773382186889648,
  "test_0097.png": 0.591701090335846,
  "test_0098.png": 0.6164087057113647,
  "test_0099.png": 0.5262917876243591,
  "test_0100.png": 0.6048157811164856,
  "test_0101.png": 0.5797977447509766,
  "test_0102.png": 0.6011478304862976,
  "test_0103.png": 0.6099944114685059,
  "test_0104.png": 0.6014525294303894,
  "test_0105.png": 0.6087819337844849,
  "test_0106.png": 0.6421719789505005,
  "test_0107.png": 0.5033991932868958,
  "test_0108.png": 0.6150146126747131,
  "test_0109.png": 0.6005979776382446,
  "test_0110.png": 0.6293644905090332,
  "test_0111.png": 0.599848747253418,
  "test_0112.png": 0.5288271307945251,
  "test_0113.png": 0.5228535532951355,
  "test_0114.png": 0.5971400737762451,
  "test_0115.png": 0.6124974489212036,
  "test_0116.png": 0.4699019193649292
}
