{
  "test_0000.png": 22.600727081298828,
  "test_0001.png": 22.692516326904297,
  "test_0002.png": 22.785160064697266,
  "test_0003.png": 27.361116409301758,
  "test_0004.png": 28.5350284576416,
  "test_0005.png": 23.58771324157715,
  "test_0006.png": 28.165376663208008,
  "test_0007.png": 18.747018814086914,
  "test_0008.png": 20.26545524597168,
  "test_0009.png": 11.591896057128906,
  "test_0010.png": 23.553075790405273,
  "test_0011.png": 12.130059242248535,
  "test_0012.png": 17.9599609375,
  "test_0013.png": 17.314634323120117,
  "test_0014.png": 24.948793411254883,
  "test_0015.png": 18.6790771484375,
  "test_0016.png": 16.33342742919922,
  "test_0017.png": 16.495925903320312,
  "test_0018.png": 23.443828582763672,
  "test_0019.png": 19.76276206970215,
  "test_0020.png": 7.799603462219238,
  "test_0021.png": 16.49057960510254,
  "test_0022.png": 20.179779052734375,
  "test_0023.png": 19.858718872070312,
  "test_0024.png": 33.48544692993164,
  "test_0025.png": 17.532758712768555,
  "test_0026.png": 14.30984878540039,
  "test_0027.png": 9.713129043579102,
  "test_0028.png": 10.599239349365234,
  "test_0029.png": 19.088987350463867,
  "test_0030.png": 19.95965576171875,
  "test_0031.png": 14.722265243530273,
  "test_0032.png": 18.57587242126465,
  "test_0033.png": 16.52277183532715,
  "test_0034.png": 11.362554550170898,
  "test_0035.png": 14.891617774963379,
  "test_0036.png": 21.87529182434082,
  "test_0037.png": 26.210933685302734,
  "test_0038.png": 35.699886322021484,
  "test_0039.png": 21.601409912109375,
  "test_0040.png": 24.840578079223633,
  "test_0041.png": 23.426103591918945,
  "test_0042.png": 14.344162940979004,
  "test_0043.png": 6.737631797790527,
  "test_0044.png": 13.488561630249023,
  "test_0045.png": 3.640028715133667,
  "test_0046.png": 5.390814304351807,
  "test_0047.png": 14.738409042358398,
  "test_0048.png": 11.021687507629395,
  "test_0049.png": 48.84345626831055,
  "test_0050.png": 11.797159194946289,
  "test_0051.png": 8.973966598510742,
  "test_0052.png": 9.885180473327637,
  "test_0053.png": 10.720734596252441,
  "test_0054.png": 6.111676216125488,
  "test_0055.png": 51.84467315673828,
  "test_0056.png": 34.43876266479492,
  "test_0057.png": 12.983647346496582,
  "test_0058.png": 7.787227153778076,
  "test_0059.png": 51.17385482788086,
  "test_0060.png": 22.870288848876953,
  "test_0061.png": 6.253159523010254,
  "test_0062.png": 7.219662666320801,
  "test_0063.png": 1.7617385387420654,
  "test_0064.png": 1.8621889352798462,
  "test_0065.png": 1.662231683731079,
  "test_0066.png": 1.1731103658676147,
  "test_0067.png": 1.1513304710388184,
  "test_0068.png": 1.147354245185852,
  "test_0069.png": 3.566962718963623,
  "test_0070.png": 1.4731899499893188,
  "test_0071.png": 1.2217453718185425,
  "test_0072.png": 1.5549253225326538,
  "test_0073.png": 1.7569682598114014,
  "test_0074.png": 1.359765648841858,
  "test_0075.png": 1.8070815801620483,
  "test_0076.png": 1.4399276971817017,
  "test_0077.png": 1.1759456396102905,
  "test_0078.png": 2.4998180866241455,
  "test_0079.png": 1.5460177659988403,
  "test_0080.png": 1.9388660192489624,
  "test_0081.png": 1.9483439922332764,
  "test_0082.png": 2.1997103691101074
}
