{
  "test_0000.png": 0.2461947202682495,
  "test_0001.png": 0.23914897441864014,
  "test_0002.png": 0.22703130543231964,
  "test_0003.png": 0.2604191303253174,
  "test_0004.png": 0.26620209217071533,
  "test_0005.png": 0.19750884175300598,
  "test_0006.png": 0.27106592059135437,
  "test_0007.png": 0.2545963227748871,
  "test_0008.png": 0.26971086859703064,
  "test_0009.png": 0.1995140016078949,
  "test_0010.png": 0.2574915289878845,
  "test_0011.png": 0.20608246326446533,
  "test_0012.png": 0.22720745205879211,
  "test_0013.png": 0.2201566994190216,
  "test_0014.png": 0.2184428721666336,
  "test_0015.png": 0.2174336463212967,
  "test_0016.png": 0.24306170642375946,
  "test_0017.png": 0.22253189980983734,
  "test_0018.png": 0.26439207792282104,
  "test_0019.png": 0.22411493957042694,
  "test_0020.png": 0.12443101406097412,
  "test_0021.png": 0.2429497390985489,
  "test_0022.png": 0.21751081943511963,
  "test_0023.png": 0.23780536651611328,
  "test_0024.png": 0.27035441994667053,
  "test_0025.png": 0.19473958015441895,
  "test_0026.png": 0.21970134973526,
  "test_0027.png": 0.1663150191307068,
  "test_0028.png": 0.21046794950962067,
  "test_0029.png": 0.224023699760437,
  "test_0030.png": 0.22870154678821564,
  "test_0031.png": 0.21575815975666046,
  "test_0032.png": 0.23955599963665009,
  "test_0033.png": 0.22045835852622986,
  "test_0034.png": 0.17856721580028534,
  "test_0035.png": 0.17772774398326874,
  "test_0036.png": 0.22757446765899658,
  "test_0037.png": 0.2652706801891327,
  "test_0038.png": 0.2753794193267822,
  "test_0039.png": 0.2629126310348511,
  "test_0040.png": 0.24218791723251343,
  "test_0041.png": 0.22955037653446198,
  "test_0042.png": 0.21194441616535187,
  "test_0043.png": 0.148270383477211,
  "test_0044.png": 0.15389052033424377,
  "test_0045.png": 0.09870881587266922,
  "test_0046.png": 0.13776597380638123,
  "test_0047.png": 0.25870561599731445,
  "test_0048.png": 0.2007671296596527,
  "test_0049.png": 0.3427165448665619,
  "test_0050.png": 0.21205933392047882,
  "test_0051.png": 0.257453590631485,
  "test_0052.png": 0.2746850848197937,
  "test_0053.png": 0.1620597094297409,
  "test_0054.png": 0.12772883474826813,
  "test_0055.png": 0.32677212357521057,
  "test_0056.png": 0.2338106781244278,
  "test_0057.png": 0.24554786086082458,
  "test_0058.png": 0.14264200627803802,
  "test_0059.png": 0.3565760850906372,
  "test_0060.png": 0.245875284075737,
  "test_0061.png": 0.11379692703485489,
  "test_0062.png": 0.12575966119766235,
  "test_0063.png": 0.045120421797037125,
  "test_0064.png": 0.05778968706727028,
  "test_0065.png": 0.045495856553316116,
  "test_0066.png": 0.03238401189446449,
  "test_0067.png": 0.03805501386523247,
  "test_0068.png": 0.033640142530202866,
  "test_0069.png": 0.044113487005233765,
  "test_0070.png": 0.04457283765077591,
  "test_0071.png": 0.04611761122941971,
  "test_0072.png": 0.05428876355290413,
  "test_0073.png": 0.04085999354720116,
  "test_0074.png": 0.03787306696176529,
  "test_0075.png": 0.042957618832588196,
  "test_0076.png": 0.031327586621046066,
  "test_0077.png": 0.038267601281404495,
  "test_0078.png": 0.051050782203674316,
  "test_0079.png": 0.04762410372495651,
  "test_0080.png": 0.03769044205546379,
  "test_0081.png": 0.04750467836856842,
  "test_0082.png": 0.04719570279121399
}
