{
  "test_0000.png": 0.16635361313819885,
  "test_0001.png": 0.13602162897586823,
  "test_0002.png": 0.06711863726377487,
  "test_0003.png": 0.10741594433784485,
  "test_0004.png": 0.1382606327533722,
  "test_0005.png": 0.061535172164440155,
  "test_0006.png": 0.08252289146184921,
  "test_0007.png": 0.1302569955587387,
  "test_0008.png": 0.17805594205856323,
  "test_0009.png": 0.09993841499090195,
  "test_0010.png": 0.1224532276391983,
  "test_0011.png": 0.08133620768785477,
  "test_0012.png": 0.09390285611152649,
  "test_0013.png": 0.09083016961812973,
  "test_0014.png": 0.06555528938770294,
  "test_0015.png": 0.10789024829864502,
  "test_0016.png": 0.08107113093137741,
  "test_0017.png": 0.04966934025287628,
  "test_0018.png": 0.09292374551296234,
  "test_0019.png": 0.16542264819145203,
  "test_0020.png": 0.12315164506435394,
  "test_0021.png": 0.1706279069185257,
  "test_0022.png": 0.18727263808250427,
  "test_0023.png": 0.0723850429058075,
  "test_0024.png": 0.11511842161417007,
  "test_0025.png": 0.17608410120010376,
  "test_0026.png": 0.09033329784870148,
  "test_0027.png": 0.07493454217910767,
  "test_0028.png": 0.14042501151561737,
  "test_0029.png": 0.12636524438858032,
  "test_0030.png": 0.13608048856258392,
  "test_0031.png": 0.1850462108850479,
  "test_0032.png": 0.10702471435070038,
  "test_0033.png": 0.0980905219912529,
  "test_0034.png": 0.1819697767496109,
  "test_0035.png": 0.08392699807882309,
  "test_0036.png": 0.03836913779377937,
  "test_0037.png": 0.04657582938671112,
  "test_0038.png": 0.042958375066518784,
  "test_0039.png": 0.045335616916418076,
  "test_0040.png": 0.044043153524398804,
  "test_0041.png": 0.049454428255558014,
  "test_0042.png": 0.0564546175301075,
  "test_0043.png": 0.05139298737049103,
  "test_0044.png": 0.04847587272524834,
  "test_0045.png": 0.0530988872051239,
  "test_0046.png": 0.04386487230658531,
  "test_0047.png": 0.03872336074709892,
  "test_0048.png": 0.049211371690034866,
  "test_0049.png": 0.04178040474653244,
  "test_0050.png": 0.051288437098264694,
  "test_0051.png": 0.049021393060684204,
  "test_0052.png": 0.048101555556058884,
  "test_0053.png": 0.041231419891119,
  "test_0054.png": 0.03897012397646904,
  "test_0055.png": 0.05238445848226547,
  "test_0056.png": 0.04049035534262657,
  "test_0057.png": 0.044002287089824677,
  "test_0058.png": 0.05690474063158035,
  "test_0059.png": 0.04315102845430374,
  "test_0060.png": 0.039359066635370255,
  "test_0061.png": 0.04293038696050644,
  "test_0062.png": 0.049440205097198486,
  "test_0063.png": 0.04396485537290573,
  "test_0064.png": 0.11496663838624954,
  "test_0065.png": 0.0547783300280571,
  "test_0066.png": 0.10071902722120285,
  "test_0067.png": 0.1401156336069107,
  "test_0068.png": 0.14550034701824188,
  "test_0069.png": 0.11699841916561127,
  "test_0070.png": 0.14127285778522491,
  "test_0071.png": 0.16147233545780182,
  "test_0072.png": 0.17289789021015167,
  "test_0073.png": 0.13820190727710724,
  "test_0074.png": 0.1460927426815033,
  "test_0075.png": 0.1291414201259613,
  "test_0076.png": 0.10594747960567474,
  "test_0077.png": 0.12223654985427856,
  "test_0078.png": 0.1450623720884323,
  "test_0079.png": 0.12128335237503052,
  "test_0080.png": 0.08068609237670898,
  "test_0081.png": 0.043118249624967575,
  "test_0082.png": 0.05013943836092949,
  "test_0083.png": 0.10177049785852432,
  "test_0084.png": 0.1181536391377449,
  "test_0085.png": 0.13439251482486725,
  "test_0086.png": 0.17511087656021118,
  "test_0087.png": 0.1450398713350296,
  "test_0088.png": 0.15031404793262482,
  "test_0089.png": 0.15382331609725952,
  "test_0090.png": 0.0965176448225975,
  "test_0091.png": 0.14952415227890015,
  "test_0092.png": 0.08493869006633759,
  "test_0093.png": 0.09810376167297363,
  "test_0094.png": 0.09746184945106506,
  "test_0095.png": 0.060932550579309464,
  "test_0096.png": 0.09818912297487259,
  "test_0097.png": 0.11704570800065994,
  "test_0098.png": 0.13295285403728485,
  "test_0099.png": 0.0633123368024826,
  "test_0100.png": 0.12802761793136597,
  "test_0101.png": 0.08266910165548325,
  "test_0102.png": 0.11418980360031128,
  "test_0103.png": 0.13962207734584808,
  "test_0104.png": 0.1256541758775711,
  "test_0105.png": 0.11078530550003052,
  "test_0106.png": 0.19765570759773254,
  "test_0107.png": 0.05171262472867966,
  "test_0108.png": 0.1374129205942154,
  "test_0109.png": 0.11093093454837799,
  "test_0110.png": 0.14249202609062195,
  "test_0111.png": 0.13979415595531464,
  "test_0112.png": 0.05159633606672287,
  "test_0113.png": 0.05989258736371994,
  "test_0114.png": 0.1016838401556015,
  "test_0115.png": 0.1456977277994156,
  "test_0116.png": 0.04446989297866821
}
