{
  "test_0000.png": 0.724646806716919,
  "test_0001.png": 0.46370264887809753,
  "test_0002.png": 0.3032895624637604,
  "test_0003.png": 0.39686906337738037,
  "test_0004.png": 0.669268012046814,
  "test_0005.png": 0.4430483281612396,
  "test_0006.png": 0.22151067852973938,
  "test_0007.png": 0.4156844913959503,
  "test_0008.png": 0.8204696774482727,
  "test_0009.png": 0.5288375616073608,
  "test_0010.png": 0.5298207402229309,
  "test_0011.png": 0.4394301772117615,
  "test_0012.png": 0.6098895072937012,
  "test_0013.png": 0.5716042518615723,
  "test_0014.png": 0.19130855798721313,
  "test_0015.png": 0.4276883006095886,
  "test_0016.png": 0.4275062084197998,
  "test_0017.png": 0.3016112148761749,
  "test_0018.png": 0.43425190448760986,
  "test_0019.png": 0.932650089263916,
  "test_0020.png": 0.6338292360305786,
  "test_0021.png": 0.738888144493103,
  "test_0022.png": 0.9451927542686462,
  "test_0023.png": 0.4579467475414276,
  "test_0024.png": 0.6931537985801697,
  "test_0025.png": 0.8207101225852966,
  "test_0026.png": 0.5979365706443787,
  "test_0027.png": 0.379871129989624,
  "test_0028.png": 0.8663327097892761,
  "test_0029.png": 0.5649763941764832,
  "test_0030.png": 0.8357293009757996,
  "test_0031.png": 1.0,
  "test_0032.png": 0.7395398616790771,
  "test_0033.png": 0.6601215600967407,
  "test_0034.png": 1.0,
  "test_0035.png": 0.5829421281814575,
  "test_0036.png": 0.0,
  "test_0037.png": 0.0,
  "test_0038.png": 0.01007929164916277,
  "test_0039.png": 0.08849714696407318,
  "test_0040.png": 0.06559087336063385,
  "test_0041.png": 0.08141692727804184,
  "test_0042.png": 0.11630038917064667,
  "test_0043.png": 0.06818938255310059,
  "test_0044.png": 0.09346438944339752,
  "test_0045.png": 0.1228904277086258,
  "test_0046.png": 0.002541551599279046,
  "test_0047.png": 0.06471714377403259,
  "test_0048.png": 0.09019973874092102,
  "test_0049.png": 0.053245555609464645,
  "test_0050.png": 0.13272088766098022,
  "test_0051.png": 0.11236173659563065,
  "test_0052.png": 0.13703812658786774,
  "test_0053.png": 0.03385850414633751,
  "test_0054.png": 0.04374160245060921,
  "test_0055.png": 0.24301692843437195,
  "test_0056.png": 0.141474187374115,
  "test_0057.png": 0.030371392145752907,
  "test_0058.png": 0.18665310740470886,
  "test_0059.png": 0.14565245807170868,
  "test_0060.png": 0.11406818777322769,
  "test_0061.png": 0.13083650171756744,
  "test_0062.png": 0.062797911465168,
  "test_0063.png": 0.0039743101224303246,
  "test_0064.png": 0.5366901755332947,
  "test_0065.png": 0.1927061378955841,
  "test_0066.png": 0.5721039175987244,
  "test_0067.png": 0.6118108630180359,
  "test_0068.png": 0.7659503817558289,
  "test_0069.png": 0.745749831199646,
  "test_0070.png": 0.7393643856048584,
  "test_0071.png": 0.903301477432251,
  "test_0072.png": 0.9960940480232239,
  "test_0073.png": 0.8516266345977783,
  "test_0074.png": 0.7271348834037781,
  "test_0075.png": 0.8115198016166687,
  "test_0076.png": 0.43581756949424744,
  "test_0077.png": 0.7578184604644775,
  "test_0078.png": 0.8788492679595947,
  "test_0079.png": 0.7269600629806519,
  "test_0080.png": 0.48780134320259094,
  "test_0081.png": 0.014094351790845394,
  "test_0082.png": 0.16741399466991425,
  "test_0083.png": 0.40793782472610474,
  "test_0084.png": 0.4834044873714447,
  "test_0085.png": 0.6741620898246765,
  "test_0086.png": 0.9041867852210999,
  "test_0087.png": 0.6832369565963745,
  "test_0088.png": 0.8159947395324707,
  "test_0089.png": 0.6066029667854309,
  "test_0090.png": 0.5008881092071533,
  "test_0091.png": 0.8836076855659485,
  "test_0092.png": 0.3664058446884155,
  "test_0093.png": 0.6990711688995361,
  "test_0094.png": 0.6664305329322815,
  "test_0095.png": 0.3240877389907837,
  "test_0096.png": 0.40409448742866516,
  "test_0097.png": 0.35166120529174805,
  "test_0098.png": 0.7933083772659302,
  "test_0099.png": 0.2623862028121948,
  "test_0100.png": 0.43360111117362976,
  "test_0101.png": 0.454790860414505,
  "test_0102.png": 0.6719107031822205,
  "test_0103.png": 0.9071728587150574,
  "test_0104.png": 0.6974495053291321,
  "test_0105.png": 0.6549383997917175,
  "test_0106.png": 0.9477552771568298,
  "test_0107.png": 0.1432252675294876,
  "test_0108.png": 0.7588348388671875,
  "test_0109.png": 0.49041080474853516,
  "test_0110.png": 0.8894010186195374,
  "test_0111.png": 0.9068495631217957,
  "test_0112.png": 0.2837503254413605,
  "test_0113.png": 0.13108596205711365,
  "test_0114.png": 0.5288383364677429,
  "test_0115.png": 0.890605628490448,
  "test_0116.png": 0.1303279995918274
}
