{
  "test_0000.png": 14.166682243347168,
  "test_0001.png": 13.145845413208008,
  "test_0002.png": 8.496316909790039,
  "test_0003.png": 11.004430770874023,
  "test_0004.png": 12.359399795532227,
  "test_0005.png": 6.724385738372803,
  "test_0006.png": 8.339367866516113,
  "test_0007.png": 11.73802375793457,
  "test_0008.png": 15.291723251342773,
  "test_0009.png": 9.58775806427002,
  "test_0010.png": 10.792125701904297,
  "test_0011.png": 10.991086959838867,
  "test_0012.png": 10.881715774536133,
  "test_0013.png": 10.58193588256836,
  "test_0014.png": 8.532048225402832,
  "test_0015.png": 11.831260681152344,
  "test_0016.png": 10.260587692260742,
  "test_0017.png": 5.533213138580322,
  "test_0018.png": 8.403655052185059,
  "test_0019.png": 16.05868148803711,
  "test_0020.png": 12.160255432128906,
  "test_0021.png": 14.144993782043457,
  "test_0022.png": 15.238365173339844,
  "test_0023.png": 8.156707763671875,
  "test_0024.png": 10.926602363586426,
  "test_0025.png": 15.396223068237305,
  "test_0026.png": 11.140777587890625,
  "test_0027.png": 9.073603630065918,
  "test_0028.png": 14.044921875,
  "test_0029.png": 12.756796836853027,
  "test_0030.png": 13.68553638458252,
  "test_0031.png": 14.408891677856445,
  "test_0032.png": 13.615175247192383,
  "test_0033.png": 12.750039100646973,
  "test_0034.png": 14.813888549804688,
  "test_0035.png": 10.685728073120117,
  "test_0036.png": 3.5351784229278564,
  "test_0037.png": 5.305140495300293,
  "test_0038.png": 4.960542678833008,
  "test_0039.png": 4.620059967041016,
  "test_0040.png": 4.746373176574707,
  "test_0041.png": 6.133565902709961,
  "test_0042.png": 6.6042327880859375,
  "test_0043.png": 6.386996746063232,
  "test_0044.png": 5.429771423339844,
  "test_0045.png": 6.529393196105957,
  "test_0046.png": 4.661773681640625,
  "test_0047.png": 3.7716903686523438,
  "test_0048.png": 6.1725664138793945,
  "test_0049.png": 4.56074333190918,
  "test_0050.png": 5.932015895843506,
  "test_0051.png": 5.682936191558838,
  "test_0052.png": 5.0745720863342285,
  "test_0053.png": 4.147613525390625,
  "test_0054.png": 3.7517189979553223,
  "test_0055.png": 6.361801624298096,
  "test_0056.png": 4.194784164428711,
  "test_0057.png": 4.595991611480713,
  "test_0058.png": 6.527187347412109,
  "test_0059.png": 4.143375396728516,
  "test_0060.png": 3.8210110664367676,
  "test_0061.png": 4.1127214431762695,
  "test_0062.png": 5.85155725479126,
  "test_0063.png": 4.87289571762085,
  "test_0064.png": 11.403402328491211,
  "test_0065.png": 5.734472751617432,
  "test_0066.png": 10.901689529418945,
  "test_0067.png": 13.3510103225708,
  "test_0068.png": 13.405795097351074,
  "test_0069.png": 10.252344131469727,
  "test_0070.png": 13.074966430664062,
  "test_0071.png": 15.09801197052002,
  "test_0072.png": 15.301719665527344,
  "test_0073.png": 12.716264724731445,
  "test_0074.png": 13.008905410766602,
  "test_0075.png": 12.510899543762207,
  "test_0076.png": 10.998350143432617,
  "test_0077.png": 11.420452117919922,
  "test_0078.png": 12.616799354553223,
  "test_0079.png": 11.723816871643066,
  "test_0080.png": 8.433710098266602,
  "test_0081.png": 4.360826015472412,
  "test_0082.png": 5.945433616638184,
  "test_0083.png": 12.051899909973145,
  "test_0084.png": 11.96034049987793,
  "test_0085.png": 14.329463005065918,
  "test_0086.png": 13.263463973999023,
  "test_0087.png": 13.656468391418457,
  "test_0088.png": 13.98388385772705,
  "test_0089.png": 13.444829940795898,
  "test_0090.png": 9.537842750549316,
  "test_0091.png": 13.117398262023926,
  "test_0092.png": 9.453889846801758,
  "test_0093.png": 11.463140487670898,
  "test_0094.png": 10.827688217163086,
  "test_0095.png": 6.473263740539551,
  "test_0096.png": 10.417377471923828,
  "test_0097.png": 12.778810501098633,
  "test_0098.png": 12.699335098266602,
  "test_0099.png": 6.438828468322754,
  "test_0100.png": 12.354267120361328,
  "test_0101.png": 9.180971145629883,
  "test_0102.png": 13.110430717468262,
  "test_0103.png": 14.550753593444824,
  "test_0104.png": 13.291084289550781,
  "test_0105.png": 13.176614761352539,
  "test_0106.png": 16.391170501708984,
  "test_0107.png": 6.428025245666504,
  "test_0108.png": 14.103517532348633,
  "test_0109.png": 12.241167068481445,
  "test_0110.png": 13.124361038208008,
  "test_0111.png": 14.166685104370117,
  "test_0112.png": 6.029529571533203,
  "test_0113.png": 7.895450592041016,
  "test_0114.png": 11.645410537719727,
  "test_0115.png": 13.64013957977295,
  "test_0116.png": 5.273573398590088
}
