{
  "test_0000.png": 0.9731879830360413,
  "test_0001.png": 0.9077684879302979,
  "test_0002.png": 0.8429864645004272,
  "test_0003.png": 0.8776452541351318,
  "test_0004.png": 0.9672771692276001,
  "test_0005.png": 0.8874961137771606,
  "test_0006.png": 0.7354786396026611,
  "test_0007.png": 0.8716472387313843,
  "test_0008.png": 0.9832859635353088,
  "test_0009.png": 0.9291692972183228,
  "test_0010.png": 0.9312834739685059,
  "test_0011.png": 0.8634120225906372,
  "test_0012.png": 0.9422569870948792,
  "test_0013.png": 0.9316490888595581,
  "test_0014.png": 0.6615873575210571,
  "test_0015.png": 0.8702607154846191,
  "test_0016.png": 0.8901976346969604,
  "test_0017.png": 0.8023117780685425,
  "test_0018.png": 0.8699690699577332,
  "test_0019.png": 0.9891245365142822,
  "test_0020.png": 0.9474587440490723,
  "test_0021.png": 0.9727347493171692,
  "test_0022.png": 0.9887810945510864,
  "test_0023.png": 0.8965777158737183,
  "test_0024.png": 0.9611299633979797,
  "test_0025.png": 0.9799662828445435,
  "test_0026.png": 0.9458087682723999,
  "test_0027.png": 0.8568848371505737,
  "test_0028.png": 0.9846130013465881,
  "test_0029.png": 0.9426396489143372,
  "test_0030.png": 0.9813789129257202,
  "test_0031.png": 0.9953634738922119,
  "test_0032.png": 0.9723916053771973,
  "test_0033.png": 0.957942008972168,
  "test_0034.png": 0.9922014474868774,
  "test_0035.png": 0.9443578720092773,
  "test_0036.png": 0.24467802047729492,
  "test_0037.png": 0.29943859577178955,
  "test_0038.png": 0.35685038566589355,
  "test_0039.png": 0.4986879229545593,
  "test_0040.png": 0.4866204261779785,
  "test_0041.png": 0.5355400443077087,
  "test_0042.png": 0.5696070194244385,
  "test_0043.png": 0.482352077960968,
  "test_0044.png": 0.5410364866256714,
  "test_0045.png": 0.6105897426605225,
  "test_0046.png": 0.2907785177230835,
  "test_0047.png": 0.5072982311248779,
  "test_0048.png": 0.5110654830932617,
  "test_0049.png": 0.45288050174713135,
  "test_0050.png": 0.6006598472595215,
  "test_0051.png": 0.5567780137062073,
  "test_0052.png": 0.5835327506065369,
  "test_0053.png": 0.3673381209373474,
  "test_0054.png": 0.45875680446624756,
  "test_0055.png": 0.7712199687957764,
  "test_0056.png": 0.5927110910415649,
  "test_0057.png": 0.4060106873512268,
  "test_0058.png": 0.6848559379577637,
  "test_0059.png": 0.6650180816650391,
  "test_0060.png": 0.5088932514190674,
  "test_0061.png": 0.5843020677566528,
  "test_0062.png": 0.4586285948753357,
  "test_0063.png": 0.25802576541900635,
  "test_0064.png": 0.9228771924972534,
  "test_0065.png": 0.6454464197158813,
  "test_0066.png": 0.9367449283599854,
  "test_0067.png": 0.9427081942558289,
  "test_0068.png": 0.9721463918685913,
  "test_0069.png": 0.9691692590713501,
  "test_0070.png": 0.9714756608009338,
  "test_0071.png": 0.9840108752250671,
  "test_0072.png": 0.9914026856422424,
  "test_0073.png": 0.9828044176101685,
  "test_0074.png": 0.9640071988105774,
  "test_0075.png": 0.9771081805229187,
  "test_0076.png": 0.8811801671981812,
  "test_0077.png": 0.9680113196372986,
  "test_0078.png": 0.9814793467521667,
  "test_0079.png": 0.9635227918624878,
  "test_0080.png": 0.8986621499061584,
  "test_0081.png": 0.35810738801956177,
  "test_0082.png": 0.6213631629943848,
  "test_0083.png": 0.8582451939582825,
  "test_0084.png": 0.8981024622917175,
  "test_0085.png": 0.9582794904708862,
  "test_0086.png": 0.9859185814857483,
  "test_0087.png": 0.9599190354347229,
  "test_0088.png": 0.9794235825538635,
  "test_0089.png": 0.9398839473724365,
  "test_0090.png": 0.900827169418335,
  "test_0091.png": 0.9836727380752563,
  "test_0092.png": 0.8292808532714844,
  "test_0093.png": 0.9601890444755554,
  "test_0094.png": 0.9554427862167358,
  "test_0095.png": 0.7918092608451843,
  "test_0096.png": 0.8621713519096375,
  "test_0097.png": 0.8064500093460083,
  "test_0098.png": 0.9771835207939148,
  "test_0099.png": 0.7446930408477783,
  "test_0100.png": 0.8798004984855652,
  "test_0101.png": 0.8960414528846741,
  "test_0102.png": 0.9643208980560303,
  "test_0103.png": 0.9867528676986694,
  "test_0104.png": 0.9691435694694519,
  "test_0105.png": 0.9567135572433472,
  "test_0106.png": 0.989021897315979,
  "test_0107.png": 0.6709713339805603,
  "test_0108.png": 0.9748902916908264,
  "test_0109.png": 0.9081220030784607,
  "test_0110.png": 0.9819878935813904,
  "test_0111.png": 0.986626148223877,
  "test_0112.png": 0.7456080913543701,
  "test_0113.png": 0.5642701387405396,
  "test_0114.png": 0.9270779490470886,
  "test_0115.png": 0.9876007437705994,
  "test_0116.png": 0.5693937540054321
}
