{
  "test_0000.png": 0.9999934434890747,
  "test_0001.png": 0.999975323677063,
  "test_0002.png": 0.9999918341636658,
  "test_0003.png": 0.9999971389770508,
  "test_0004.png": 0.9999813437461853,
  "test_0005.png": 0.9999600648880005,
  "test_0006.png": 0.9999948143959045,
  "test_0007.png": 0.9999842643737793,
  "test_0008.png": 0.9999899864196777,
  "test_0009.png": 0.9999574422836304,
  "test_0010.png": 0.9999915361404419,
  "test_0011.png": 0.999843180179596,
  "test_0012.png": 0.9999783635139465,
  "test_0013.png": 0.9999738335609436,
  "test_0014.png": 0.9999477863311768,
  "test_0015.png": 0.9999800324440002,
  "test_0016.png": 0.9999805092811584,
  "test_0017.png": 0.9999872446060181,
  "test_0018.png": 0.9999871253967285,
  "test_0019.png": 0.9999703168869019,
  "test_0020.png": 0.9868050217628479,
  "test_0021.png": 0.9999173283576965,
  "test_0022.png": 0.9999465942382812,
  "test_0023.png": 0.9999605417251587,
  "test_0024.png": 0.9999800324440002,
  "test_0025.png": 0.9989814162254333,
  "test_0026.png": 0.9999727606773376,
  "test_0027.png": 0.9992468953132629,
  "test_0028.png": 0.9998053908348083,
  "test_0029.png": 0.9998708367347717,
  "test_0030.png": 0.9999775290489197,
  "test_0031.png": 0.9996131658554077,
  "test_0032.png": 0.9999840259552002,
  "test_0033.png": 0.9999560117721558,
  "test_0034.png": 0.9989380836486816,
  "test_0035.png": 0.9996486902236938,
  "test_0036.png": 0.9999184012413025,
  "test_0037.png": 0.9999608397483826,
  "test_0038.png": 0.9999895095825195,
  "test_0039.png": 0.9999656677246094,
  "test_0040.png": 0.9999788403511047,
  "test_0041.png": 0.9999064207077026,
  "test_0042.png": 0.999961793422699,
  "test_0043.png": 0.9994736313819885,
  "test_0044.png": 0.9989942908287048,
  "test_0045.png": 0.9880497455596924,
  "test_0046.png": 0.9927084445953369,
  "test_0047.png": 0.9999980330467224,
  "test_0048.png": 0.9999677538871765,
  "test_0049.png": 0.999999463558197,
  "test_0050.png": 0.9999707937240601,
  "test_0051.png": 0.9999797344207764,
  "test_0052.png": 0.9999889731407166,
  "test_0053.png": 0.9996922016143799,
  "test_0054.png": 0.9989973306655884,
  "test_0055.png": 0.999999463558197,
  "test_0056.png": 0.9998853206634521,
  "test_0057.png": 0.9999918937683105,
  "test_0058.png": 0.9993939399719238,
  "test_0059.png": 0.9999988079071045,
  "test_0060.png": 0.999962568283081,
  "test_0061.png": 0.9847741723060608,
  "test_0062.png": 0.9996258020401001,
  "test_0063.png": 0.2613655924797058,
  "test_0064.png": 0.6158865690231323,
  "test_0065.png": 0.5501241683959961,
  "test_0066.png": 0.0,
  "test_0067.png": 0.0,
  "test_0068.png": 0.0,
  "test_0069.png": 0.6357555389404297,
  "test_0070.png": 0.2195425033569336,
  "test_0071.png": 0.0,
  "test_0072.png": 0.49685585498809814,
  "test_0073.png": 0.3584820628166199,
  "test_0074.png": 0.014028668403625488,
  "test_0075.png": 0.434261679649353,
  "test_0076.png": 0.0,
  "test_0077.png": 0.0,
  "test_0078.png": 0.4514012336730957,
  "test_0079.png": 0.3917362689971924,
  "test_0080.png": 0.19526070356369019,
  "test_0081.png": 0.7287273406982422,
  "test_0082.png": 0.5466374158859253
}
