{
  "test_0000.png": 250.12765502929688,
  "test_0001.png": 121.13141632080078,
  "test_0002.png": 60.581336975097656,
  "test_0003.png": 130.3230438232422,
  "test_0004.png": 170.14617919921875,
  "test_0005.png": 45.236167907714844,
  "test_0006.png": 52.09449768066406,
  "test_0007.png": 130.41531372070312,
  "test_0008.png": 1172.7188720703125,
  "test_0009.png": 94.46286010742188,
  "test_0010.png": 81.53743743896484,
  "test_0011.png": 124.48075866699219,
  "test_0012.png": 110.55475616455078,
  "test_0013.png": 370.319091796875,
  "test_0014.png": 76.45487213134766,
  "test_0015.png": 151.19625854492188,
  "test_0016.png": 87.42292785644531,
  "test_0017.png": 28.371824264526367,
  "test_0018.png": 101.32052612304688,
  "test_0019.png": 507.0955810546875,
  "test_0020.png": 118.3905258178711,
  "test_0021.png": 143.2726287841797,
  "test_0022.png": 186.20547485351562,
  "test_0023.png": 50.41499710083008,
  "test_0024.png": 617.3903198242188,
  "test_0025.png": 136.1079864501953,
  "test_0026.png": 84.00434112548828,
  "test_0027.png": 54.789119720458984,
  "test_0028.png": 3423.043212890625,
  "test_0029.png": 159.9132537841797,
  "test_0030.png": 3867.87939453125,
  "test_0031.png": 380.7722473144531,
  "test_0032.png": 558.592041015625,
  "test_0033.png": 718.0850830078125,
  "test_0034.png": 1954.5523681640625,
  "test_0035.png": 1292.4317626953125,
  "test_0036.png": 18.9913387298584,
  "test_0037.png": 25.326820373535156,
  "test_0038.png": 22.728515625,
  "test_0039.png": 40.731361389160156,
  "test_0040.png": 25.271638870239258,
  "test_0041.png": 43.4077033996582,
  "test_0042.png": 32.200950622558594,
  "test_0043.png": 28.329627990722656,
  "test_0044.png": 24.428936004638672,
  "test_0045.png": 35.35555648803711,
  "test_0046.png": 46.29121780395508,
  "test_0047.png": 20.27460479736328,
  "test_0048.png": 24.42607879638672,
  "test_0049.png": 24.09119987487793,
  "test_0050.png": 27.509580612182617,
  "test_0051.png": 27.497068405151367,
  "test_0052.png": 20.93834114074707,
  "test_0053.png": 19.843996047973633,
  "test_0054.png": 21.690534591674805,
  "test_0055.png": 27.952213287353516,
  "test_0056.png": 17.6975040435791,
  "test_0057.png": 33.742374420166016,
  "test_0058.png": 27.62101173400879,
  "test_0059.png": 22.023916244506836,
  "test_0060.png": 26.40721321105957,
  "test_0061.png": 195.65396118164062,
  "test_0062.png": 39.28638458251953,
  "test_0063.png": 25.20699691772461,
  "test_0064.png": 169.28201293945312,
  "test_0065.png": 54.432655334472656,
  "test_0066.png": 129.4665985107422,
  "test_0067.png": 234.49932861328125,
  "test_0068.png": 204.77137756347656,
  "test_0069.png": 149.4123992919922,
  "test_0070.png": 484.1052551269531,
  "test_0071.png": 308.0462341308594,
  "test_0072.png": 602.6193237304688,
  "test_0073.png": 465.18243408203125,
  "test_0074.png": 208.0289306640625,
  "test_0075.png": 133.9228057861328,
  "test_0076.png": 126.76753997802734,
  "test_0077.png": 109.26453399658203,
  "test_0078.png": 184.86431884765625,
  "test_0079.png": 162.97703552246094,
  "test_0080.png": 92.66729736328125,
  "test_0081.png": 20.85805892944336,
  "test_0082.png": 43.24081802368164,
  "test_0083.png": 186.17820739746094,
  "test_0084.png": 418.13232421875,
  "test_0085.png": 246.74356079101562,
  "test_0086.png": 1867.76708984375,
  "test_0087.png": 4684.34814453125,
  "test_0088.png": 874.413818359375,
  "test_0089.png": 162.51783752441406,
  "test_0090.png": 130.94044494628906,
  "test_0091.png": 213.4302520751953,
  "test_0092.png": 103.5052261352539,
  "test_0093.png": 151.07254028320312,
  "test_0094.png": 155.70130920410156,
  "test_0095.png": 59.71600341796875,
  "test_0096.png": 163.57643127441406,
  "test_0097.png": 489.54962158203125,
  "test_0098.png": 128.6213836669922,
  "test_0099.png": 106.8981704711914,
  "test_0100.png": 926.130859375,
  "test_0101.png": 62.84945297241211,
  "test_0102.png": 2574.567626953125,
  "test_0103.png": 5009.9140625,
  "test_0104.png": 792.82177734375,
  "test_0105.png": 13543.318359375,
  "test_0106.png": 3175.537109375,
  "test_0107.png": 34.40234375,
  "test_0108.png": 4442.787109375,
  "test_0109.png": 1156.678466796875,
  "test_0110.png": 241.31146240234375,
  "test_0111.png": 231.64828491210938,
  "test_0112.png": 42.45220184326172,
  "test_0113.png": 805.7109985351562,
  "test_0114.png": 221.5984649658203,
  "test_0115.png": 836.7303466796875,
  "test_0116.png": 487.8244323730469
}
