{
  "test_0000.png": 0.9925575256347656,
  "test_0001.png": 0.9723057746887207,
  "test_0002.png": 0.6657537221908569,
  "test_0003.png": 0.9549450874328613,
  "test_0004.png": 0.9797605872154236,
  "test_0005.png": 0.9649918079376221,
  "test_0006.png": 0.9877732992172241,
  "test_0007.png": 0.9745334386825562,
  "test_0008.png": 0.9806731939315796,
  "test_0009.png": 0.9388383030891418,
  "test_0010.png": 0.9839729070663452,
  "test_0011.png": 0.8446277976036072,
  "test_0012.png": 0.9834599494934082,
  "test_0013.png": 0.8721581697463989,
  "test_0014.png": 0.9597367644309998,
  "test_0015.png": 0.9492308497428894,
  "test_0016.png": 0.8856500387191772,
  "test_0017.png": 0.7360025644302368,
  "test_0018.png": 0.9340024590492249,
  "test_0019.png": 0.9357473850250244,
  "test_0020.png": 0.9211225509643555,
  "test_0021.png": 0.9554005265235901,
  "test_0022.png": 0.8496821522712708,
  "test_0023.png": 0.6722387671470642,
  "test_0024.png": 0.9124917984008789,
  "test_0025.png": 0.8804924488067627,
  "test_0026.png": 0.9317641854286194,
  "test_0027.png": 0.661646842956543,
  "test_0028.png": 0.9139534831047058,
  "test_0029.png": 0.981637716293335,
  "test_0030.png": 0.9677929878234863,
  "test_0031.png": 0.8529585599899292,
  "test_0032.png": 0.9698628187179565,
  "test_0033.png": 0.8279144167900085,
  "test_0034.png": 0.7334663271903992,
  "test_0035.png": 0.9691152572631836,
  "test_0036.png": 0.6313977241516113,
  "test_0037.png": 0.6403784155845642,
  "test_0038.png": 0.6414690613746643,
  "test_0039.png": 0.6503114700317383,
  "test_0040.png": 0.6518397927284241,
  "test_0041.png": 0.6441935300827026,
  "test_0042.png": 0.6581403017044067,
  "test_0043.png": 0.6460323333740234,
  "test_0044.png": 0.6485336422920227,
  "test_0045.png": 0.6480039954185486,
  "test_0046.png": 0.6391090750694275,
  "test_0047.png": 0.6349455714225769,
  "test_0048.png": 0.662139356136322,
  "test_0049.png": 0.6547508835792542,
  "test_0050.png": 0.6594814658164978,
  "test_0051.png": 0.6595591306686401,
  "test_0052.png": 0.6430454850196838,
  "test_0053.png": 0.6396228075027466,
  "test_0054.png": 0.6509265899658203,
  "test_0055.png": 0.6441871523857117,
  "test_0056.png": 0.6314584612846375,
  "test_0057.png": 0.6644120216369629,
  "test_0058.png": 0.6469414234161377,
  "test_0059.png": 0.6348090767860413,
  "test_0060.png": 0.656919002532959,
  "test_0061.png": 0.9313855171203613,
  "test_0062.png": 0.6395595669746399,
  "test_0063.png": 0.6321229338645935,
  "test_0064.png": 0.9730321764945984,
  "test_0065.png": 0.7323125004768372,
  "test_0066.png": 0.9514500498771667,
  "test_0067.png": 0.9418501853942871,
  "test_0068.png": 0.9389297962188721,
  "test_0069.png": 0.9633899331092834,
  "test_0070.png": 0.8761597871780396,
  "test_0071.png": 0.970599889755249,
  "test_0072.png": 0.9795723557472229,
  "test_0073.png": 0.9669874310493469,
  "test_0074.png": 0.9888104200363159,
  "test_0075.png": 0.9784401655197144,
  "test_0076.png": 0.9072103500366211,
  "test_0077.png": 0.8720564246177673,
  "test_0078.png": 0.979830801486969,
  "test_0079.png": 0.917485773563385,
  "test_0080.png": 0.8790366053581238,
  "test_0081.png": 0.6494093537330627,
  "test_0082.png": 0.9665498733520508,
  "test_0083.png": 0.8612789511680603,
  "test_0084.png": 0.8416435122489929,
  "test_0085.png": 0.8217049241065979,
  "test_0086.png": 0.8971289992332458,
  "test_0087.png": 0.8160147070884705,
  "test_0088.png": 0.7050954103469849,
  "test_0089.png": 0.7794329524040222,
  "test_0090.png": 0.8574144244194031,
  "test_0091.png": 0.8561573624610901,
  "test_0092.png": 0.9445731043815613,
  "test_0093.png": 0.7798450589179993,
  "test_0094.png": 0.96647047996521,
  "test_0095.png": 0.8597701787948608,
  "test_0096.png": 0.8980693221092224,
  "test_0097.png": 0.939373254776001,
  "test_0098.png": 0.8923317790031433,
  "test_0099.png": 0.8456733226776123,
  "test_0100.png": 0.7236170768737793,
  "test_0101.png": 0.8913552165031433,
  "test_0102.png": 0.9507782459259033,
  "test_0103.png": 0.9839034676551819,
  "test_0104.png": 0.9549728035926819,
  "test_0105.png": 0.9621325135231018,
  "test_0106.png": 0.8194335699081421,
  "test_0107.png": 0.65516597032547,
  "test_0108.png": 0.9764034152030945,
  "test_0109.png": 0.9614105224609375,
  "test_0110.png": 0.9703841805458069,
  "test_0111.png": 0.9711153507232666,
  "test_0112.png": 0.9038845300674438,
  "test_0113.png": 0.9550061821937561,
  "test_0114.png": 0.8949589729309082,
  "test_0115.png": 0.9456826448440552,
  "test_0116.png": 0.9782291650772095
}
