{
  "test_0000.png": 2.649327039718628,
  "test_0001.png": 2.608760356903076,
  "test_0002.png": 2.721946954727173,
  "test_0003.png": 3.024660348892212,
  "test_0004.png": 2.5714874267578125,
  "test_0005.png": 2.6469759941101074,
  "test_0006.png": 2.794705390930176,
  "test_0007.png": 2.709567070007324,
  "test_0008.png": 2.7082326412200928,
  "test_0009.png": 2.522294282913208,
  "test_0010.png": 2.7382311820983887,
  "test_0011.png": 2.4073703289031982,
  "test_0012.png": 2.6045422554016113,
  "test_0013.png": 2.55631422996521,
  "test_0014.png": 2.606412172317505,
  "test_0015.png": 2.671536684036255,
  "test_0016.png": 2.7064008712768555,
  "test_0017.png": 2.7014079093933105,
  "test_0018.png": 2.7510628700256348,
  "test_0019.png": 2.578407049179077,
  "test_0020.png": 2.0070462226867676,
  "test_0021.png": 2.538073778152466,
  "test_0022.png": 2.5805575847625732,
  "test_0023.png": 2.6432740688323975,
  "test_0024.png": 2.78464674949646,
  "test_0025.png": 2.5045852661132812,
  "test_0026.png": 2.6123106479644775,
  "test_0027.png": 2.3904848098754883,
  "test_0028.png": 2.4408366680145264,
  "test_0029.png": 2.6498069763183594,
  "test_0030.png": 2.5436747074127197,
  "test_0031.png": 2.501659870147705,
  "test_0032.png": 2.756520986557007,
  "test_0033.png": 2.7333128452301025,
  "test_0034.png": 2.2476494312286377,
  "test_0035.png": 2.5666801929473877,
  "test_0036.png": 2.6175429821014404,
  "test_0037.png": 2.665487289428711,
  "test_0038.png": 2.786119222640991,
  "test_0039.png": 2.6572585105895996,
  "test_0040.png": 2.6559832096099854,
  "test_0041.png": 2.665152072906494,
  "test_0042.png": 2.445331335067749,
  "test_0043.png": 2.2912511825561523,
  "test_0044.png": 2.4610021114349365,
  "test_0045.png": 1.9308298826217651,
  "test_0046.png": 2.0229504108428955,
  "test_0047.png": 2.518712043762207,
  "test_0048.png": 2.410461664199829,
  "test_0049.png": 3.2766716480255127,
  "test_0050.png": 2.4642865657806396,
  "test_0051.png": 2.2395877838134766,
  "test_0052.png": 2.371541976928711,
  "test_0053.png": 2.3129196166992188,
  "test_0054.png": 2.086081027984619,
  "test_0055.png": 3.1160638332366943,
  "test_0056.png": 2.5593175888061523,
  "test_0057.png": 2.3380086421966553,
  "test_0058.png": 2.214108467102051,
  "test_0059.png": 3.201765298843384,
  "test_0060.png": 2.8078482151031494,
  "test_0061.png": 1.9385451078414917,
  "test_0062.png": 2.1752657890319824,
  "test_0063.png": 1.4670811891555786,
  "test_0064.png": 1.5060700178146362,
  "test_0065.png": 1.5106273889541626,
  "test_0066.png": 1.3510719537734985,
  "test_0067.png": 1.3955310583114624,
  "test_0068.png": 1.2679983377456665,
  "test_0069.png": 1.8584282398223877,
  "test_0070.png": 1.459599256515503,
  "test_0071.png": 1.2891024351119995,
  "test_0072.png": 1.4868627786636353,
  "test_0073.png": 1.5662094354629517,
  "test_0074.png": 1.3474234342575073,
  "test_0075.png": 1.495213508605957,
  "test_0076.png": 1.244456171989441,
  "test_0077.png": 1.2814083099365234,
  "test_0078.png": 1.563119649887085,
  "test_0079.png": 1.5074354410171509,
  "test_0080.png": 1.6292842626571655,
  "test_0081.png": 1.636888861656189,
  "test_0082.png": 1.5549300909042358
}
