{
  "test_0000.png": 0.992633044719696,
  "test_0001.png": 0.9937519431114197,
  "test_0002.png": 0.9927852153778076,
  "test_0003.png": 0.9940505623817444,
  "test_0004.png": 0.9934484362602234,
  "test_0005.png": 0.9932414293289185,
  "test_0006.png": 0.9938874840736389,
  "test_0007.png": 0.9924296736717224,
  "test_0008.png": 0.9925774931907654,
  "test_0009.png": 0.9904036521911621,
  "test_0010.png": 0.993441641330719,
  "test_0011.png": 0.9890180826187134,
  "test_0012.png": 0.9922776818275452,
  "test_0013.png": 0.9912316203117371,
  "test_0014.png": 0.9931507706642151,
  "test_0015.png": 0.9922100305557251,
  "test_0016.png": 0.9916012287139893,
  "test_0017.png": 0.9917182922363281,
  "test_0018.png": 0.9925110936164856,
  "test_0019.png": 0.9926097393035889,
  "test_0020.png": 0.9832535982131958,
  "test_0021.png": 0.9924913048744202,
  "test_0022.png": 0.9922281503677368,
  "test_0023.png": 0.9927235245704651,
  "test_0024.png": 0.9942444562911987,
  "test_0025.png": 0.9916263222694397,
  "test_0026.png": 0.9909003376960754,
  "test_0027.png": 0.9874604344367981,
  "test_0028.png": 0.9884608387947083,
  "test_0029.png": 0.9926367998123169,
  "test_0030.png": 0.9928140044212341,
  "test_0031.png": 0.9913094639778137,
  "test_0032.png": 0.993147611618042,
  "test_0033.png": 0.9922375679016113,
  "test_0034.png": 0.9894060492515564,
  "test_0035.png": 0.9911024570465088,
  "test_0036.png": 0.9934495091438293,
  "test_0037.png": 0.9938662648200989,
  "test_0038.png": 0.9943944215774536,
  "test_0039.png": 0.9924337863922119,
  "test_0040.png": 0.9937961101531982,
  "test_0041.png": 0.9936774373054504,
  "test_0042.png": 0.9902043342590332,
  "test_0043.png": 0.9855191707611084,
  "test_0044.png": 0.9937332272529602,
  "test_0045.png": 0.9705457091331482,
  "test_0046.png": 0.978996753692627,
  "test_0047.png": 0.9933298826217651,
  "test_0048.png": 0.9909159541130066,
  "test_0049.png": 0.9970452785491943,
  "test_0050.png": 0.9915727972984314,
  "test_0051.png": 0.9895836710929871,
  "test_0052.png": 0.9897098541259766,
  "test_0053.png": 0.9893807172775269,
  "test_0054.png": 0.9803264141082764,
  "test_0055.png": 0.9962020516395569,
  "test_0056.png": 0.993681013584137,
  "test_0057.png": 0.9914643168449402,
  "test_0058.png": 0.9865280389785767,
  "test_0059.png": 0.9973698854446411,
  "test_0060.png": 0.9941226840019226,
  "test_0061.png": 0.9752687215805054,
  "test_0062.png": 0.9856836199760437,
  "test_0063.png": 0.8805792927742004,
  "test_0064.png": 0.8957564830780029,
  "test_0065.png": 0.8515425324440002,
  "test_0066.png": 0.0,
  "test_0067.png": 0.0,
  "test_0068.png": 0.0,
  "test_0069.png": 0.9695150256156921,
  "test_0070.png": 0.7663583755493164,
  "test_0071.png": 0.11543247103691101,
  "test_0072.png": 0.850358784198761,
  "test_0073.png": 0.8935109972953796,
  "test_0074.png": 0.0,
  "test_0075.png": 0.8344200849533081,
  "test_0076.png": 0.7224855422973633,
  "test_0077.png": 0.0,
  "test_0078.png": 0.9567609429359436,
  "test_0079.png": 0.8446154594421387,
  "test_0080.png": 0.8006625771522522,
  "test_0081.png": 0.9117101430892944,
  "test_0082.png": 0.9241175055503845
}
