{
  "test_0000.png": 0.7109469771385193,
  "test_0001.png": 0.680962860584259,
  "test_0002.png": 0.7003783583641052,
  "test_0003.png": 0.694247305393219,
  "test_0004.png": 0.6808369755744934,
  "test_0005.png": 0.6641224026679993,
  "test_0006.png": 0.672795295715332,
  "test_0007.png": 0.6493268609046936,
  "test_0008.png": 0.6865770220756531,
  "test_0009.png": 0.606751561164856,
  "test_0010.png": 0.6889116168022156,
  "test_0011.png": 0.5861422419548035,
  "test_0012.png": 0.6466633081436157,
  "test_0013.png": 0.651338517665863,
  "test_0014.png": 0.643899142742157,
  "test_0015.png": 0.6664615273475647,
  "test_0016.png": 0.6599110960960388,
  "test_0017.png": 0.6749733686447144,
  "test_0018.png": 0.6915481090545654,
  "test_0019.png": 0.632938802242279,
  "test_0020.png": 0.48757511377334595,
  "test_0021.png": 0.6530531644821167,
  "test_0022.png": 0.6369988322257996,
  "test_0023.png": 0.6820613145828247,
  "test_0024.png": 0.7093309164047241,
  "test_0025.png": 0.5733169913291931,
  "test_0026.png": 0.6405965685844421,
  "test_0027.png": 0.5289099216461182,
  "test_0028.png": 0.5812220573425293,
  "test_0029.png": 0.6366928219795227,
  "test_0030.png": 0.6693667769432068,
  "test_0031.png": 0.5899019837379456,
  "test_0032.png": 0.637146532535553,
  "test_0033.png": 0.6329413056373596,
  "test_0034.png": 0.5582683682441711,
  "test_0035.png": 0.6082619428634644,
  "test_0036.png": 0.6572527289390564,
  "test_0037.png": 0.6758556962013245,
  "test_0038.png": 0.6944516897201538,
  "test_0039.png": 0.6737505793571472,
  "test_0040.png": 0.6759508848190308,
  "test_0041.png": 0.6368154883384705,
  "test_0042.png": 0.6626829504966736,
  "test_0043.png": 0.5208715200424194,
  "test_0044.png": 0.5384125709533691,
  "test_0045.png": 0.44237592816352844,
  "test_0046.png": 0.46783652901649475,
  "test_0047.png": 0.7004632353782654,
  "test_0048.png": 0.6132628917694092,
  "test_0049.png": 0.7373360991477966,
  "test_0050.png": 0.6593040823936462,
  "test_0051.png": 0.6903132200241089,
  "test_0052.png": 0.6945457458496094,
  "test_0053.png": 0.591614305973053,
  "test_0054.png": 0.4827114939689636,
  "test_0055.png": 0.6723841428756714,
  "test_0056.png": 0.5875829458236694,
  "test_0057.png": 0.67179936170578,
  "test_0058.png": 0.5235541462898254,
  "test_0059.png": 0.7503327131271362,
  "test_0060.png": 0.6997618675231934,
  "test_0061.png": 0.45792898535728455,
  "test_0062.png": 0.5234508514404297,
  "test_0063.png": 0.2920302152633667,
  "test_0064.png": 0.3382396399974823,
  "test_0065.png": 0.3241941034793854,
  "test_0066.png": 0.2785629332065582,
  "test_0067.png": 0.2959264814853668,
  "test_0068.png": 0.25360429286956787,
  "test_0069.png": 0.31402620673179626,
  "test_0070.png": 0.2972327172756195,
  "test_0071.png": 0.2727639675140381,
  "test_0072.png": 0.32109683752059937,
  "test_0073.png": 0.3049139678478241,
  "test_0074.png": 0.28551095724105835,
  "test_0075.png": 0.29423949122428894,
  "test_0076.png": 0.25833722949028015,
  "test_0077.png": 0.2842371463775635,
  "test_0078.png": 0.324357271194458,
  "test_0079.png": 0.3213982880115509,
  "test_0080.png": 0.31586283445358276,
  "test_0081.png": 0.35543838143348694,
  "test_0082.png": 0.32282930612564087
}
