{
  "test_0000.png": 0.8520635962486267,
  "test_0001.png": 0.8091512322425842,
  "test_0002.png": 0.6892824769020081,
  "test_0003.png": 0.7688905000686646,
  "test_0004.png": 0.8075637221336365,
  "test_0005.png": 0.6370158195495605,
  "test_0006.png": 0.7029007077217102,
  "test_0007.png": 0.7806277871131897,
  "test_0008.png": 0.8539872765541077,
  "test_0009.png": 0.7334139347076416,
  "test_0010.png": 0.7699008584022522,
  "test_0011.png": 0.7216110825538635,
  "test_0012.png": 0.7380849123001099,
  "test_0013.png": 0.7112502455711365,
  "test_0014.png": 0.6710002422332764,
  "test_0015.png": 0.7672087550163269,
  "test_0016.png": 0.749312162399292,
  "test_0017.png": 0.559963047504425,
  "test_0018.png": 0.7093819975852966,
  "test_0019.png": 0.8403165936470032,
  "test_0020.png": 0.7923191785812378,
  "test_0021.png": 0.8302384614944458,
  "test_0022.png": 0.8485696911811829,
  "test_0023.png": 0.6382162570953369,
  "test_0024.png": 0.7678273916244507,
  "test_0025.png": 0.8371863961219788,
  "test_0026.png": 0.7333036065101624,
  "test_0027.png": 0.6933259963989258,
  "test_0028.png": 0.8180325031280518,
  "test_0029.png": 0.8020039200782776,
  "test_0030.png": 0.7917618751525879,
  "test_0031.png": 0.8432855606079102,
  "test_0032.png": 0.7756033539772034,
  "test_0033.png": 0.7501326203346252,
  "test_0034.png": 0.8493698835372925,
  "test_0035.png": 0.7295582890510559,
  "test_0036.png": 0.0342843160033226,
  "test_0037.png": 0.26825159788131714,
  "test_0038.png": 0.35962948203086853,
  "test_0039.png": 0.3690260052680969,
  "test_0040.png": 0.33824607729911804,
  "test_0041.png": 0.41182437539100647,
  "test_0042.png": 0.4781525433063507,
  "test_0043.png": 0.41247543692588806,
  "test_0044.png": 0.30871254205703735,
  "test_0045.png": 0.4737624526023865,
  "test_0046.png": 0.1875094473361969,
  "test_0047.png": 0.1402275115251541,
  "test_0048.png": 0.40959298610687256,
  "test_0049.png": 0.4407701790332794,
  "test_0050.png": 0.5251380205154419,
  "test_0051.png": 0.495415061712265,
  "test_0052.png": 0.22160851955413818,
  "test_0053.png": 0.1795441210269928,
  "test_0054.png": 0.03363976627588272,
  "test_0055.png": 0.2852025032043457,
  "test_0056.png": 0.15799091756343842,
  "test_0057.png": 0.23362325131893158,
  "test_0058.png": 0.4077824354171753,
  "test_0059.png": 0.13454407453536987,
  "test_0060.png": 0.22802095115184784,
  "test_0061.png": 0.2765389084815979,
  "test_0062.png": 0.26574328541755676,
  "test_0063.png": 0.2503068447113037,
  "test_0064.png": 0.7962870001792908,
  "test_0065.png": 0.5500373244285583,
  "test_0066.png": 0.7606730461120605,
  "test_0067.png": 0.8133333921432495,
  "test_0068.png": 0.8088887929916382,
  "test_0069.png": 0.7925910949707031,
  "test_0070.png": 0.8242352604866028,
  "test_0071.png": 0.8419888019561768,
  "test_0072.png": 0.8406928181648254,
  "test_0073.png": 0.8096534013748169,
  "test_0074.png": 0.8077081441879272,
  "test_0075.png": 0.8031554818153381,
  "test_0076.png": 0.756123960018158,
  "test_0077.png": 0.7835015654563904,
  "test_0078.png": 0.8090696334838867,
  "test_0079.png": 0.7982113361358643,
  "test_0080.png": 0.7013357877731323,
  "test_0081.png": 0.3014897108078003,
  "test_0082.png": 0.5082979798316956,
  "test_0083.png": 0.7750478982925415,
  "test_0084.png": 0.779423713684082,
  "test_0085.png": 0.8174741864204407,
  "test_0086.png": 0.830038845539093,
  "test_0087.png": 0.8182770013809204,
  "test_0088.png": 0.8210254907608032,
  "test_0089.png": 0.8075805306434631,
  "test_0090.png": 0.7437390089035034,
  "test_0091.png": 0.8138851523399353,
  "test_0092.png": 0.7154876589775085,
  "test_0093.png": 0.7554193139076233,
  "test_0094.png": 0.7494097352027893,
  "test_0095.png": 0.5794607400894165,
  "test_0096.png": 0.7611544132232666,
  "test_0097.png": 0.7883663177490234,
  "test_0098.png": 0.8181136250495911,
  "test_0099.png": 0.6374468803405762,
  "test_0100.png": 0.7921909689903259,
  "test_0101.png": 0.7498050332069397,
  "test_0102.png": 0.7888575792312622,
  "test_0103.png": 0.7954570651054382,
  "test_0104.png": 0.7767241597175598,
  "test_0105.png": 0.7833086848258972,
  "test_0106.png": 0.8425231575965881,
  "test_0107.png": 0.5022205114364624,
  "test_0108.png": 0.8077604174613953,
  "test_0109.png": 0.7827814817428589,
  "test_0110.png": 0.8068274259567261,
  "test_0111.png": 0.8007045984268188,
  "test_0112.png": 0.5107550621032715,
  "test_0113.png": 0.6354175806045532,
  "test_0114.png": 0.7486461400985718,
  "test_0115.png": 0.7824686765670776,
  "test_0116.png": 0.2326394021511078
}
