{
  "test_0000.png": 0.8331526517868042,
  "test_0001.png": 0.729173481464386,
  "test_0002.png": 0.8198931813240051,
  "test_0003.png": 0.8957370519638062,
  "test_0004.png": 0.7158786058425903,
  "test_0005.png": 0.685265839099884,
  "test_0006.png": 0.8468301892280579,
  "test_0007.png": 0.7938076257705688,
  "test_0008.png": 0.8120332956314087,
  "test_0009.png": 0.6882508397102356,
  "test_0010.png": 0.8068864345550537,
  "test_0011.png": 0.5970748066902161,
  "test_0012.png": 0.716325581073761,
  "test_0013.png": 0.7580579519271851,
  "test_0014.png": 0.67519611120224,
  "test_0015.png": 0.7338947057723999,
  "test_0016.png": 0.7456968426704407,
  "test_0017.png": 0.7711145877838135,
  "test_0018.png": 0.7902886867523193,
  "test_0019.png": 0.7330714464187622,
  "test_0020.png": 0.28014928102493286,
  "test_0021.png": 0.6086150407791138,
  "test_0022.png": 0.658393383026123,
  "test_0023.png": 0.6689413189888,
  "test_0024.png": 0.7286837100982666,
  "test_0025.png": 0.45479121804237366,
  "test_0026.png": 0.6973928213119507,
  "test_0027.png": 0.477506160736084,
  "test_0028.png": 0.5742614269256592,
  "test_0029.png": 0.5826979279518127,
  "test_0030.png": 0.7271395921707153,
  "test_0031.png": 0.5341818928718567,
  "test_0032.png": 0.7320018410682678,
  "test_0033.png": 0.6956768035888672,
  "test_0034.png": 0.4501607418060303,
  "test_0035.png": 0.578389585018158,
  "test_0036.png": 0.6323387026786804,
  "test_0037.png": 0.6676107048988342,
  "test_0038.png": 0.7579715847969055,
  "test_0039.png": 0.6817615628242493,
  "test_0040.png": 0.7177656292915344,
  "test_0041.png": 0.5981383323669434,
  "test_0042.png": 0.75728839635849,
  "test_0043.png": 0.6038793325424194,
  "test_0044.png": 0.4757908880710602,
  "test_0045.png": 0.3213108479976654,
  "test_0046.png": 0.39075276255607605,
  "test_0047.png": 0.9439522624015808,
  "test_0048.png": 0.7599237561225891,
  "test_0049.png": 0.9204214215278625,
  "test_0050.png": 0.7758822441101074,
  "test_0051.png": 0.7865843772888184,
  "test_0052.png": 0.8140450119972229,
  "test_0053.png": 0.618645429611206,
  "test_0054.png": 0.5246728658676147,
  "test_0055.png": 1.0,
  "test_0056.png": 0.5160857439041138,
  "test_0057.png": 0.8325527906417847,
  "test_0058.png": 0.5632287263870239,
  "test_0059.png": 0.96919184923172,
  "test_0060.png": 0.6503981947898865,
  "test_0061.png": 0.32056912779808044,
  "test_0062.png": 0.5820420384407043,
  "test_0063.png": 0.06961459666490555,
  "test_0064.png": 0.08163382112979889,
  "test_0065.png": 0.0681215301156044,
  "test_0066.png": 0.026744132861495018,
  "test_0067.png": 0.03477936238050461,
  "test_0068.png": 0.009192393161356449,
  "test_0069.png": 0.13715749979019165,
  "test_0070.png": 0.06834681332111359,
  "test_0071.png": 0.033290330320596695,
  "test_0072.png": 0.08335307985544205,
  "test_0073.png": 0.0629916563630104,
  "test_0074.png": 0.04500298574566841,
  "test_0075.png": 0.07383381575345993,
  "test_0076.png": 0.0,
  "test_0077.png": 0.0206258874386549,
  "test_0078.png": 0.10268627852201462,
  "test_0079.png": 0.07656706124544144,
  "test_0080.png": 0.07116971164941788,
  "test_0081.png": 0.12687565386295319,
  "test_0082.png": 0.11119217425584793
}
