{
  "test_0000.png": 0.15932561457157135,
  "test_0001.png": 0.11534162610769272,
  "test_0002.png": 0.06525318324565887,
  "test_0003.png": 0.09236492961645126,
  "test_0004.png": 0.11409544944763184,
  "test_0005.png": 0.06076986342668533,
  "test_0006.png": 0.0641588345170021,
  "test_0007.png": 0.10468459874391556,
  "test_0008.png": 0.16665786504745483,
  "test_0009.png": 0.07267935574054718,
  "test_0010.png": 0.08963434398174286,
  "test_0011.png": 0.09430579096078873,
  "test_0012.png": 0.08868220448493958,
  "test_0013.png": 0.08838371932506561,
  "test_0014.png": 0.06766223907470703,
  "test_0015.png": 0.11607187241315842,
  "test_0016.png": 0.08028248697519302,
  "test_0017.png": 0.0491672120988369,
  "test_0018.png": 0.08720117062330246,
  "test_0019.png": 0.16308853030204773,
  "test_0020.png": 0.11385912448167801,
  "test_0021.png": 0.15854601562023163,
  "test_0022.png": 0.16411542892456055,
  "test_0023.png": 0.06710565835237503,
  "test_0024.png": 0.10545824468135834,
  "test_0025.png": 0.15415461361408234,
  "test_0026.png": 0.09068886935710907,
  "test_0027.png": 0.0760950893163681,
  "test_0028.png": 0.13873876631259918,
  "test_0029.png": 0.11704183369874954,
  "test_0030.png": 0.12079456448554993,
  "test_0031.png": 0.16633020341396332,
  "test_0032.png": 0.11895637959241867,
  "test_0033.png": 0.10910771787166595,
  "test_0034.png": 0.1624731719493866,
  "test_0035.png": 0.09773112088441849,
  "test_0036.png": 0.03847400099039078,
  "test_0037.png": 0.050300803035497665,
  "test_0038.png": 0.04787701740860939,
  "test_0039.png": 0.04827699810266495,
  "test_0040.png": 0.04814131557941437,
  "test_0041.png": 0.05333967134356499,
  "test_0042.png": 0.06219211220741272,
  "test_0043.png": 0.05265276879072189,
  "test_0044.png": 0.05098448321223259,
  "test_0045.png": 0.05976993590593338,
  "test_0046.png": 0.04567961394786835,
  "test_0047.png": 0.03941332548856735,
  "test_0048.png": 0.054822079837322235,
  "test_0049.png": 0.04457075521349907,
  "test_0050.png": 0.053963687270879745,
  "test_0051.png": 0.05250503867864609,
  "test_0052.png": 0.045952145010232925,
  "test_0053.png": 0.04220476374030113,
  "test_0054.png": 0.039696455001831055,
  "test_0055.png": 0.050982166081666946,
  "test_0056.png": 0.0424831286072731,
  "test_0057.png": 0.04520145058631897,
  "test_0058.png": 0.05540527403354645,
  "test_0059.png": 0.043468911200761795,
  "test_0060.png": 0.039174627512693405,
  "test_0061.png": 0.045418061316013336,
  "test_0062.png": 0.04849182069301605,
  "test_0063.png": 0.044595152139663696,
  "test_0064.png": 0.12033169716596603,
  "test_0065.png": 0.05405436456203461,
  "test_0066.png": 0.09038214385509491,
  "test_0067.png": 0.13723894953727722,
  "test_0068.png": 0.1318010687828064,
  "test_0069.png": 0.11306992173194885,
  "test_0070.png": 0.13247738778591156,
  "test_0071.png": 0.17849896848201752,
  "test_0072.png": 0.17222577333450317,
  "test_0073.png": 0.1270979344844818,
  "test_0074.png": 0.13975320756435394,
  "test_0075.png": 0.13151690363883972,
  "test_0076.png": 0.09815966337919235,
  "test_0077.png": 0.11453044414520264,
  "test_0078.png": 0.14227895438671112,
  "test_0079.png": 0.11454035341739655,
  "test_0080.png": 0.07687566429376602,
  "test_0081.png": 0.043995946645736694,
  "test_0082.png": 0.052087828516960144,
  "test_0083.png": 0.10360293835401535,
  "test_0084.png": 0.1118263304233551,
  "test_0085.png": 0.13424146175384521,
  "test_0086.png": 0.15153303742408752,
  "test_0087.png": 0.12758345901966095,
  "test_0088.png": 0.12914183735847473,
  "test_0089.png": 0.1390564888715744,
  "test_0090.png": 0.09303975850343704,
  "test_0091.png": 0.13566267490386963,
  "test_0092.png": 0.08524231612682343,
  "test_0093.png": 0.09367110580205917,
  "test_0094.png": 0.10425610840320587,
  "test_0095.png": 0.054616253823041916,
  "test_0096.png": 0.09947411715984344,
  "test_0097.png": 0.11451871693134308,
  "test_0098.png": 0.13499557971954346,
  "test_0099.png": 0.058046285063028336,
  "test_0100.png": 0.1216002032160759,
  "test_0101.png": 0.09786833822727203,
  "test_0102.png": 0.10468778014183044,
  "test_0103.png": 0.1365184336900711,
  "test_0104.png": 0.11374428123235703,
  "test_0105.png": 0.11073235422372818,
  "test_0106.png": 0.16164939105510712,
  "test_0107.png": 0.05812395364046097,
  "test_0108.png": 0.11826663464307785,
  "test_0109.png": 0.10878688097000122,
  "test_0110.png": 0.1363697499036789,
  "test_0111.png": 0.14146405458450317,
  "test_0112.png": 0.05298410728573799,
  "test_0113.png": 0.05848480761051178,
  "test_0114.png": 0.09266834706068039,
  "test_0115.png": 0.13145065307617188,
  "test_0116.png": 0.04560469090938568
}
