{
  "test_0000.png": 24.660985946655273,
  "test_0001.png": 24.074857711791992,
  "test_0002.png": 23.846698760986328,
  "test_0003.png": 25.1363525390625,
  "test_0004.png": 25.508785247802734,
  "test_0005.png": 23.00428581237793,
  "test_0006.png": 25.055830001831055,
  "test_0007.png": 23.546955108642578,
  "test_0008.png": 25.311080932617188,
  "test_0009.png": 22.103845596313477,
  "test_0010.png": 24.73520278930664,
  "test_0011.png": 21.761777877807617,
  "test_0012.png": 23.367355346679688,
  "test_0013.png": 23.142147064208984,
  "test_0014.png": 24.64118003845215,
  "test_0015.png": 23.46013832092285,
  "test_0016.png": 24.7625789642334,
  "test_0017.png": 24.59996223449707,
  "test_0018.png": 24.503971099853516,
  "test_0019.png": 23.575233459472656,
  "test_0020.png": 16.006526947021484,
  "test_0021.png": 23.327190399169922,
  "test_0022.png": 23.448015213012695,
  "test_0023.png": 24.190092086791992,
  "test_0024.png": 25.182615280151367,
  "test_0025.png": 19.326557159423828,
  "test_0026.png": 23.449600219726562,
  "test_0027.png": 18.88546371459961,
  "test_0028.png": 21.15962791442871,
  "test_0029.png": 21.20958709716797,
  "test_0030.png": 24.73570442199707,
  "test_0031.png": 21.59560203552246,
  "test_0032.png": 25.492616653442383,
  "test_0033.png": 23.038667678833008,
  "test_0034.png": 19.666536331176758,
  "test_0035.png": 19.786861419677734,
  "test_0036.png": 22.15091896057129,
  "test_0037.png": 24.555707931518555,
  "test_0038.png": 25.913776397705078,
  "test_0039.png": 24.255643844604492,
  "test_0040.png": 24.800119400024414,
  "test_0041.png": 22.2522029876709,
  "test_0042.png": 21.32646369934082,
  "test_0043.png": 18.777870178222656,
  "test_0044.png": 18.488746643066406,
  "test_0045.png": 15.649170875549316,
  "test_0046.png": 16.043190002441406,
  "test_0047.png": 27.162988662719727,
  "test_0048.png": 22.868684768676758,
  "test_0049.png": 28.24454689025879,
  "test_0050.png": 22.63544273376465,
  "test_0051.png": 23.0111083984375,
  "test_0052.png": 24.548961639404297,
  "test_0053.png": 19.360750198364258,
  "test_0054.png": 17.32870101928711,
  "test_0055.png": 29.796737670898438,
  "test_0056.png": 20.1569766998291,
  "test_0057.png": 24.829505920410156,
  "test_0058.png": 18.83415412902832,
  "test_0059.png": 27.2128849029541,
  "test_0060.png": 23.9565486907959,
  "test_0061.png": 14.796101570129395,
  "test_0062.png": 19.524656295776367,
  "test_0063.png": 10.237587928771973,
  "test_0064.png": 11.140386581420898,
  "test_0065.png": 10.695054054260254,
  "test_0066.png": 9.056282997131348,
  "test_0067.png": 9.665660858154297,
  "test_0068.png": 8.87906551361084,
  "test_0069.png": 10.545437812805176,
  "test_0070.png": 10.440892219543457,
  "test_0071.png": 9.315852165222168,
  "test_0072.png": 10.725189208984375,
  "test_0073.png": 10.424420356750488,
  "test_0074.png": 9.666914939880371,
  "test_0075.png": 10.253149032592773,
  "test_0076.png": 9.108539581298828,
  "test_0077.png": 9.517557144165039,
  "test_0078.png": 10.458033561706543,
  "test_0079.png": 10.600648880004883,
  "test_0080.png": 9.271686553955078,
  "test_0081.png": 10.901589393615723,
  "test_0082.png": 10.89046573638916
}
