{
  "test_0000.png": 0.8176879286766052,
  "test_0001.png": 0.8386922478675842,
  "test_0002.png": 0.8184690475463867,
  "test_0003.png": 0.8441492915153503,
  "test_0004.png": 0.8366196751594543,
  "test_0005.png": 0.8277041912078857,
  "test_0006.png": 0.8431490063667297,
  "test_0007.png": 0.8131248950958252,
  "test_0008.png": 0.823078989982605,
  "test_0009.png": 0.7871214747428894,
  "test_0010.png": 0.8291624188423157,
  "test_0011.png": 0.7653037309646606,
  "test_0012.png": 0.816883385181427,
  "test_0013.png": 0.7922508120536804,
  "test_0014.png": 0.8343617916107178,
  "test_0015.png": 0.8146522641181946,
  "test_0016.png": 0.8016295433044434,
  "test_0017.png": 0.8077290058135986,
  "test_0018.png": 0.8154467940330505,
  "test_0019.png": 0.8196272850036621,
  "test_0020.png": 0.709138810634613,
  "test_0021.png": 0.8191777467727661,
  "test_0022.png": 0.8151369094848633,
  "test_0023.png": 0.8251652121543884,
  "test_0024.png": 0.8523778915405273,
  "test_0025.png": 0.8059158325195312,
  "test_0026.png": 0.7942748665809631,
  "test_0027.png": 0.7478289008140564,
  "test_0028.png": 0.7585336565971375,
  "test_0029.png": 0.8231778740882874,
  "test_0030.png": 0.8261595368385315,
  "test_0031.png": 0.8005699515342712,
  "test_0032.png": 0.8292962312698364,
  "test_0033.png": 0.8135567903518677,
  "test_0034.png": 0.773879885673523,
  "test_0035.png": 0.7972790598869324,
  "test_0036.png": 0.8363658785820007,
  "test_0037.png": 0.8435350656509399,
  "test_0038.png": 0.8555160164833069,
  "test_0039.png": 0.818626880645752,
  "test_0040.png": 0.8423866629600525,
  "test_0041.png": 0.8408926725387573,
  "test_0042.png": 0.7841882705688477,
  "test_0043.png": 0.7254523634910583,
  "test_0044.png": 0.8446223139762878,
  "test_0045.png": 0.6117547154426575,
  "test_0046.png": 0.6622810959815979,
  "test_0047.png": 0.8347647190093994,
  "test_0048.png": 0.800346314907074,
  "test_0049.png": 0.9308374524116516,
  "test_0050.png": 0.8115968108177185,
  "test_0051.png": 0.7797762751579285,
  "test_0052.png": 0.7832156419754028,
  "test_0053.png": 0.7751319408416748,
  "test_0054.png": 0.6798193454742432,
  "test_0055.png": 0.909375011920929,
  "test_0056.png": 0.8690645098686218,
  "test_0057.png": 0.8040887117385864,
  "test_0058.png": 0.7393399477005005,
  "test_0059.png": 0.9285953640937805,
  "test_0060.png": 0.849725604057312,
  "test_0061.png": 0.6390622854232788,
  "test_0062.png": 0.7320446372032166,
  "test_0063.png": 0.45653945207595825,
  "test_0064.png": 0.4668969213962555,
  "test_0065.png": 0.4435209631919861,
  "test_0066.png": 0.3730751574039459,
  "test_0067.png": 0.3511333465576172,
  "test_0068.png": 0.35267993807792664,
  "test_0069.png": 0.6096319556236267,
  "test_0070.png": 0.4178592264652252,
  "test_0071.png": 0.3742850720882416,
  "test_0072.png": 0.43590089678764343,
  "test_0073.png": 0.47000497579574585,
  "test_0074.png": 0.35752618312835693,
  "test_0075.png": 0.44389259815216064,
  "test_0076.png": 0.4218003749847412,
  "test_0077.png": 0.37103506922721863,
  "test_0078.png": 0.5649101734161377,
  "test_0079.png": 0.4380629062652588,
  "test_0080.png": 0.48352041840553284,
  "test_0081.png": 0.48826971650123596,
  "test_0082.png": 0.48968705534935
}
