{
  "test_0000.png": 0.922784889629796,
  "test_0001.png": 0.9069995121540474,
  "test_0002.png": 0.9111410354121884,
  "test_0003.png": 0.9439106542328097,
  "test_0004.png": 0.9053379839449696,
  "test_0005.png": 0.9231173114335435,
  "test_0006.png": 0.9221591641486496,
  "test_0007.png": 0.927936045939073,
  "test_0008.png": 0.9199384828840885,
  "test_0009.png": 0.8862032056556542,
  "test_0010.png": 0.9261152760246686,
  "test_0011.png": 0.8981390973070356,
  "test_0012.png": 0.904574412420661,
  "test_0013.png": 0.9091560904973626,
  "test_0014.png": 0.9062012627922161,
  "test_0015.png": 0.9064184068330585,
  "test_0016.png": 0.9216368764594236,
  "test_0017.png": 0.8968820043071091,
  "test_0018.png": 0.926803362204786,
  "test_0019.png": 0.9123261756563678,
  "test_0020.png": 0.777594274043719,
  "test_0021.png": 0.9033426813175207,
  "test_0022.png": 0.9092820096921312,
  "test_0023.png": 0.9030954860341708,
  "test_0024.png": 0.9304300040877117,
  "test_0025.png": 0.8992159417252775,
  "test_0026.png": 0.9058934836509249,
  "test_0027.png": 0.8717616248376854,
  "test_0028.png": 0.9030802923214762,
  "test_0029.png": 0.9249353122179529,
  "test_0030.png": 0.9040555490055935,
  "test_0031.png": 0.8916965307320477,
  "test_0032.png": 0.92145897894536,
  "test_0033.png": 0.9248416671676378,
  "test_0034.png": 0.8229260902609512,
  "test_0035.png": 0.896170993762464,
  "test_0036.png": 0.8967796712348051,
  "test_0037.png": 0.9051859082298535,
  "test_0038.png": 0.9227955711552399,
  "test_0039.png": 0.9093678406826133,
  "test_0040.png": 0.9190092347398359,
  "test_0041.png": 0.9159580793542635,
  "test_0042.png": 0.8857309667720183,
  "test_0043.png": 0.8317397726216523,
  "test_0044.png": 0.8087287497522575,
  "test_0045.png": 0.794931439903932,
  "test_0046.png": 0.8215016982835404,
  "test_0047.png": 0.9103545880083798,
  "test_0048.png": 0.9111336952339695,
  "test_0049.png": 0.9842398559433868,
  "test_0050.png": 0.8865222295057659,
  "test_0051.png": 0.862903560909485,
  "test_0052.png": 0.8990527689994859,
  "test_0053.png": 0.8719440076852333,
  "test_0054.png": 0.8565255866310665,
  "test_0055.png": 0.9707697154185235,
  "test_0056.png": 0.9489833787176177,
  "test_0057.png": 0.8596258257458375,
  "test_0058.png": 0.8270688025755502,
  "test_0059.png": 0.9797425788975772,
  "test_0060.png": 0.9162502963863641,
  "test_0061.png": 0.7621423556931195,
  "test_0062.png": 0.8548289676536771,
  "test_0063.png": 0.36355769932046306,
  "test_0064.png": 0.504627868355215,
  "test_0065.png": 0.26732570598613203,
  "test_0066.png": 0.3250782233737362,
  "test_0067.png": 0.20479683298332002,
  "test_0068.png": 0.0,
  "test_0069.png": 0.3720090189799857,
  "test_0070.png": 0.14766522886942451,
  "test_0071.png": 0.0,
  "test_0072.png": 0.18157086205361597,
  "test_0073.png": 0.47659156797507685,
  "test_0074.png": 0.0,
  "test_0075.png": 0.47240067412233044,
  "test_0076.png": 0.2761840619145172,
  "test_0077.png": 0.0,
  "test_0078.png": 0.43493235067764296,
  "test_0079.png": 0.42738097788679635,
  "test_0080.png": 0.7622957026330571,
  "test_0081.png": 0.19743001166616253,
  "test_0082.png": 0.39932644152471575
}
