{
  "test_0000.png": 0.14636775851249695,
  "test_0001.png": 0.13485941290855408,
  "test_0002.png": 0.06461009383201599,
  "test_0003.png": 0.10267182439565659,
  "test_0004.png": 0.11590569466352463,
  "test_0005.png": 0.06373654305934906,
  "test_0006.png": 0.06467048823833466,
  "test_0007.png": 0.10662837326526642,
  "test_0008.png": 0.18503618240356445,
  "test_0009.png": 0.07275276631116867,
  "test_0010.png": 0.09471645951271057,
  "test_0011.png": 0.09256301820278168,
  "test_0012.png": 0.09798195213079453,
  "test_0013.png": 0.07225608825683594,
  "test_0014.png": 0.08061781525611877,
  "test_0015.png": 0.10290126502513885,
  "test_0016.png": 0.08055198937654495,
  "test_0017.png": 0.04391567036509514,
  "test_0018.png": 0.06352390348911285,
  "test_0019.png": 0.1311790496110916,
  "test_0020.png": 0.11664990335702896,
  "test_0021.png": 0.15554535388946533,
  "test_0022.png": 0.17516563832759857,
  "test_0023.png": 0.046587564051151276,
  "test_0024.png": 0.1235821470618248,
  "test_0025.png": 0.15919338166713715,
  "test_0026.png": 0.08085867017507553,
  "test_0027.png": 0.056726034730672836,
  "test_0028.png": 0.15754331648349762,
  "test_0029.png": 0.08874243497848511,
  "test_0030.png": 0.1513150930404663,
  "test_0031.png": 0.15033690631389618,
  "test_0032.png": 0.10639365762472153,
  "test_0033.png": 0.07260121405124664,
  "test_0034.png": 0.192668616771698,
  "test_0035.png": 0.07077775150537491,
  "test_0036.png": 0.03350438177585602,
  "test_0037.png": 0.04458732157945633,
  "test_0038.png": 0.03727405518293381,
  "test_0039.png": 0.038895439356565475,
  "test_0040.png": 0.03769542649388313,
  "test_0041.png": 0.04150458052754402,
  "test_0042.png": 0.05157972872257233,
  "test_0043.png": 0.04166053608059883,
  "test_0044.png": 0.046529922634363174,
  "test_0045.png": 0.04682983458042145,
  "test_0046.png": 0.041107743978500366,
  "test_0047.png": 0.033860087394714355,
  "test_0048.png": 0.044434983283281326,
  "test_0049.png": 0.03732792288064957,
  "test_0050.png": 0.04293022304773331,
  "test_0051.png": 0.040632449090480804,
  "test_0052.png": 0.0385613888502121,
  "test_0053.png": 0.036023590713739395,
  "test_0054.png": 0.03625272959470749,
  "test_0055.png": 0.045656558126211166,
  "test_0056.png": 0.03150184080004692,
  "test_0057.png": 0.037553515285253525,
  "test_0058.png": 0.04172457009553909,
  "test_0059.png": 0.03509965166449547,
  "test_0060.png": 0.03377402946352959,
  "test_0061.png": 0.036169830709695816,
  "test_0062.png": 0.046145327389240265,
  "test_0063.png": 0.03667062148451805,
  "test_0064.png": 0.11359024792909622,
  "test_0065.png": 0.041879087686538696,
  "test_0066.png": 0.0959247276186943,
  "test_0067.png": 0.10971854627132416,
  "test_0068.png": 0.12749747931957245,
  "test_0069.png": 0.13082285225391388,
  "test_0070.png": 0.13110123574733734,
  "test_0071.png": 0.14776945114135742,
  "test_0072.png": 0.14612558484077454,
  "test_0073.png": 0.11593063175678253,
  "test_0074.png": 0.09769636392593384,
  "test_0075.png": 0.11570197343826294,
  "test_0076.png": 0.1010252982378006,
  "test_0077.png": 0.09559024125337601,
  "test_0078.png": 0.0972997322678566,
  "test_0079.png": 0.10649383813142776,
  "test_0080.png": 0.07071676105260849,
  "test_0081.png": 0.03493592515587807,
  "test_0082.png": 0.04754520580172539,
  "test_0083.png": 0.12196852266788483,
  "test_0084.png": 0.17085722088813782,
  "test_0085.png": 0.1610884815454483,
  "test_0086.png": 0.16462980210781097,
  "test_0087.png": 0.17069725692272186,
  "test_0088.png": 0.14760588109493256,
  "test_0089.png": 0.1747569739818573,
  "test_0090.png": 0.11826018244028091,
  "test_0091.png": 0.17572301626205444,
  "test_0092.png": 0.11810389161109924,
  "test_0093.png": 0.12796272337436676,
  "test_0094.png": 0.09482793509960175,
  "test_0095.png": 0.05880264565348625,
  "test_0096.png": 0.13429465889930725,
  "test_0097.png": 0.13558200001716614,
  "test_0098.png": 0.13986198604106903,
  "test_0099.png": 0.07211998850107193,
  "test_0100.png": 0.1413659304380417,
  "test_0101.png": 0.08910824358463287,
  "test_0102.png": 0.12398562580347061,
  "test_0103.png": 0.13769951462745667,
  "test_0104.png": 0.13715864717960358,
  "test_0105.png": 0.13009944558143616,
  "test_0106.png": 0.1680070012807846,
  "test_0107.png": 0.04566837474703789,
  "test_0108.png": 0.127003014087677,
  "test_0109.png": 0.10654418170452118,
  "test_0110.png": 0.12216468155384064,
  "test_0111.png": 0.12196997553110123,
  "test_0112.png": 0.05503467842936516,
  "test_0113.png": 0.03826015442609787,
  "test_0114.png": 0.09639628231525421,
  "test_0115.png": 0.15577468276023865,
  "test_0116.png": 0.03892907872796059
}
