{
  "test_0000.png": 30.890945434570312,
  "test_0001.png": 27.22628402709961,
  "test_0002.png": 18.313899993896484,
  "test_0003.png": 21.333803176879883,
  "test_0004.png": 24.926349639892578,
  "test_0005.png": 17.859355926513672,
  "test_0006.png": 19.29819107055664,
  "test_0007.png": 23.11383819580078,
  "test_0008.png": 31.28489112854004,
  "test_0009.png": 21.282962799072266,
  "test_0010.png": 24.05147361755371,
  "test_0011.png": 20.405643463134766,
  "test_0012.png": 21.116756439208984,
  "test_0013.png": 19.847362518310547,
  "test_0014.png": 17.872278213500977,
  "test_0015.png": 22.481599807739258,
  "test_0016.png": 20.787343978881836,
  "test_0017.png": 15.289921760559082,
  "test_0018.png": 20.213186264038086,
  "test_0019.png": 27.07308006286621,
  "test_0020.png": 25.428071975708008,
  "test_0021.png": 26.91671371459961,
  "test_0022.png": 29.146862030029297,
  "test_0023.png": 18.4456844329834,
  "test_0024.png": 23.086477279663086,
  "test_0025.png": 26.370370864868164,
  "test_0026.png": 24.274295806884766,
  "test_0027.png": 19.010066986083984,
  "test_0028.png": 27.624460220336914,
  "test_0029.png": 24.4345645904541,
  "test_0030.png": 24.26954460144043,
  "test_0031.png": 27.289968490600586,
  "test_0032.png": 22.96433448791504,
  "test_0033.png": 23.794897079467773,
  "test_0034.png": 29.738475799560547,
  "test_0035.png": 21.686817169189453,
  "test_0036.png": 11.308565139770508,
  "test_0037.png": 12.147517204284668,
  "test_0038.png": 13.206247329711914,
  "test_0039.png": 12.515802383422852,
  "test_0040.png": 12.632963180541992,
  "test_0041.png": 13.813850402832031,
  "test_0042.png": 13.565594673156738,
  "test_0043.png": 13.326690673828125,
  "test_0044.png": 12.795923233032227,
  "test_0045.png": 13.537991523742676,
  "test_0046.png": 12.179680824279785,
  "test_0047.png": 11.500152587890625,
  "test_0048.png": 13.82214641571045,
  "test_0049.png": 13.047932624816895,
  "test_0050.png": 13.324823379516602,
  "test_0051.png": 13.294695854187012,
  "test_0052.png": 12.110006332397461,
  "test_0053.png": 11.639933586120605,
  "test_0054.png": 12.040724754333496,
  "test_0055.png": 12.455962181091309,
  "test_0056.png": 11.616568565368652,
  "test_0057.png": 11.894767761230469,
  "test_0058.png": 13.517019271850586,
  "test_0059.png": 12.205345153808594,
  "test_0060.png": 11.737719535827637,
  "test_0061.png": 12.94042682647705,
  "test_0062.png": 12.504942893981934,
  "test_0063.png": 12.044394493103027,
  "test_0064.png": 22.643972396850586,
  "test_0065.png": 15.477396965026855,
  "test_0066.png": 21.150083541870117,
  "test_0067.png": 26.8442440032959,
  "test_0068.png": 23.613689422607422,
  "test_0069.png": 23.450275421142578,
  "test_0070.png": 26.216503143310547,
  "test_0071.png": 28.251117706298828,
  "test_0072.png": 27.38767433166504,
  "test_0073.png": 24.87540054321289,
  "test_0074.png": 28.664058685302734,
  "test_0075.png": 22.938182830810547,
  "test_0076.png": 22.462818145751953,
  "test_0077.png": 25.66499900817871,
  "test_0078.png": 28.180282592773438,
  "test_0079.png": 22.385284423828125,
  "test_0080.png": 19.40492820739746,
  "test_0081.png": 12.316046714782715,
  "test_0082.png": 15.216133117675781,
  "test_0083.png": 21.086456298828125,
  "test_0084.png": 24.264745712280273,
  "test_0085.png": 27.076425552368164,
  "test_0086.png": 29.630977630615234,
  "test_0087.png": 26.2183895111084,
  "test_0088.png": 26.47372055053711,
  "test_0089.png": 25.8848876953125,
  "test_0090.png": 21.17920684814453,
  "test_0091.png": 27.197620391845703,
  "test_0092.png": 20.37874984741211,
  "test_0093.png": 22.746902465820312,
  "test_0094.png": 21.708158493041992,
  "test_0095.png": 16.404329299926758,
  "test_0096.png": 21.941015243530273,
  "test_0097.png": 22.975149154663086,
  "test_0098.png": 25.068500518798828,
  "test_0099.png": 15.743829727172852,
  "test_0100.png": 23.68424415588379,
  "test_0101.png": 21.434558868408203,
  "test_0102.png": 22.598758697509766,
  "test_0103.png": 24.813594818115234,
  "test_0104.png": 24.33031463623047,
  "test_0105.png": 22.239078521728516,
  "test_0106.png": 27.657678604125977,
  "test_0107.png": 14.010831832885742,
  "test_0108.png": 25.851842880249023,
  "test_0109.png": 24.703805923461914,
  "test_0110.png": 24.878520965576172,
  "test_0111.png": 25.144933700561523,
  "test_0112.png": 15.213566780090332,
  "test_0113.png": 16.72998046875,
  "test_0114.png": 21.736948013305664,
  "test_0115.png": 26.622028350830078,
  "test_0116.png": 12.688942909240723
}