{
  "test_0000.png": 25.600830078125,
  "test_0001.png": 23.828296661376953,
  "test_0002.png": 15.927164077758789,
  "test_0003.png": 20.040058135986328,
  "test_0004.png": 22.284870147705078,
  "test_0005.png": 14.702685356140137,
  "test_0006.png": 16.157176971435547,
  "test_0007.png": 20.830829620361328,
  "test_0008.png": 26.228347778320312,
  "test_0009.png": 17.640153884887695,
  "test_0010.png": 19.833423614501953,
  "test_0011.png": 19.729135513305664,
  "test_0012.png": 19.991138458251953,
  "test_0013.png": 17.212738037109375,
  "test_0014.png": 16.22149658203125,
  "test_0015.png": 21.385086059570312,
  "test_0016.png": 17.93653678894043,
  "test_0017.png": 13.4383544921875,
  "test_0018.png": 17.185911178588867,
  "test_0019.png": 24.556610107421875,
  "test_0020.png": 20.24716567993164,
  "test_0021.png": 23.929113388061523,
  "test_0022.png": 24.404891967773438,
  "test_0023.png": 15.687873840332031,
  "test_0024.png": 19.03451919555664,
  "test_0025.png": 24.11136817932129,
  "test_0026.png": 19.592966079711914,
  "test_0027.png": 16.378482818603516,
  "test_0028.png": 23.718631744384766,
  "test_0029.png": 21.560150146484375,
  "test_0030.png": 22.309574127197266,
  "test_0031.png": 23.965078353881836,
  "test_0032.png": 22.370433807373047,
  "test_0033.png": 20.564470291137695,
  "test_0034.png": 25.680042266845703,
  "test_0035.png": 18.7833309173584,
  "test_0036.png": 9.67131233215332,
  "test_0037.png": 10.791644096374512,
  "test_0038.png": 12.0392427444458,
  "test_0039.png": 12.232686042785645,
  "test_0040.png": 11.53905963897705,
  "test_0041.png": 12.124631881713867,
  "test_0042.png": 12.722159385681152,
  "test_0043.png": 11.98200511932373,
  "test_0044.png": 11.653024673461914,
  "test_0045.png": 13.24937629699707,
  "test_0046.png": 10.467644691467285,
  "test_0047.png": 9.944360733032227,
  "test_0048.png": 12.282949447631836,
  "test_0049.png": 12.088335037231445,
  "test_0050.png": 12.253252029418945,
  "test_0051.png": 12.044526100158691,
  "test_0052.png": 11.102636337280273,
  "test_0053.png": 10.290739059448242,
  "test_0054.png": 9.794855117797852,
  "test_0055.png": 11.123397827148438,
  "test_0056.png": 10.1301851272583,
  "test_0057.png": 10.498473167419434,
  "test_0058.png": 11.981091499328613,
  "test_0059.png": 10.380316734313965,
  "test_0060.png": 10.369264602661133,
  "test_0061.png": 10.770051956176758,
  "test_0062.png": 10.940003395080566,
  "test_0063.png": 10.71318244934082,
  "test_0064.png": 20.826129913330078,
  "test_0065.png": 13.447090148925781,
  "test_0066.png": 18.239707946777344,
  "test_0067.png": 22.97666358947754,
  "test_0068.png": 22.545934677124023,
  "test_0069.png": 18.980791091918945,
  "test_0070.png": 21.863265991210938,
  "test_0071.png": 24.999217987060547,
  "test_0072.png": 24.919193267822266,
  "test_0073.png": 20.632556915283203,
  "test_0074.png": 22.88894271850586,
  "test_0075.png": 21.22516441345215,
  "test_0076.png": 19.368440628051758,
  "test_0077.png": 19.93528175354004,
  "test_0078.png": 22.82387924194336,
  "test_0079.png": 20.24788475036621,
  "test_0080.png": 16.555606842041016,
  "test_0081.png": 10.357626914978027,
  "test_0082.png": 13.225931167602539,
  "test_0083.png": 20.2542781829834,
  "test_0084.png": 20.857860565185547,
  "test_0085.png": 23.759336471557617,
  "test_0086.png": 23.104450225830078,
  "test_0087.png": 23.528703689575195,
  "test_0088.png": 23.074596405029297,
  "test_0089.png": 23.234811782836914,
  "test_0090.png": 18.352243423461914,
  "test_0091.png": 22.75144386291504,
  "test_0092.png": 17.899499893188477,
  "test_0093.png": 20.210464477539062,
  "test_0094.png": 20.097068786621094,
  "test_0095.png": 14.523890495300293,
  "test_0096.png": 19.044971466064453,
  "test_0097.png": 21.454866409301758,
  "test_0098.png": 22.388660430908203,
  "test_0099.png": 15.256291389465332,
  "test_0100.png": 21.163719177246094,
  "test_0101.png": 19.251184463500977,
  "test_0102.png": 20.75998878479004,
  "test_0103.png": 21.895986557006836,
  "test_0104.png": 21.82874298095703,
  "test_0105.png": 21.812114715576172,
  "test_0106.png": 24.89371109008789,
  "test_0107.png": 12.621624946594238,
  "test_0108.png": 23.78315544128418,
  "test_0109.png": 22.24143409729004,
  "test_0110.png": 20.975200653076172,
  "test_0111.png": 21.558124542236328,
  "test_0112.png": 13.726110458374023,
  "test_0113.png": 15.891863822937012,
  "test_0114.png": 19.64822006225586,
  "test_0115.png": 22.571170806884766,
  "test_0116.png": 10.877184867858887
}
