{
  "test_0000.png": 23.06907844543457,
  "test_0001.png": 29.345762252807617,
  "test_0002.png": 30.898300170898438,
  "test_0003.png": 28.271242141723633,
  "test_0004.png": 30.35477638244629,
  "test_0005.png": 25.948116302490234,
  "test_0006.png": 36.87018585205078,
  "test_0007.png": 16.506977081298828,
  "test_0008.png": 26.417762756347656,
  "test_0009.png": 16.633085250854492,
  "test_0010.png": 28.332115173339844,
  "test_0011.png": 21.246213912963867,
  "test_0012.png": 25.01933479309082,
  "test_0013.png": 21.366966247558594,
  "test_0014.png": 32.30253982543945,
  "test_0015.png": 20.30645179748535,
  "test_0016.png": 24.516855239868164,
  "test_0017.png": 16.007774353027344,
  "test_0018.png": 47.285972595214844,
  "test_0019.png": 21.39113426208496,
  "test_0020.png": 8.150508880615234,
  "test_0021.png": 12.749852180480957,
  "test_0022.png": 26.27297592163086,
  "test_0023.png": 30.49001693725586,
  "test_0024.png": 27.00632667541504,
  "test_0025.png": 19.299882888793945,
  "test_0026.png": 14.580435752868652,
  "test_0027.png": 11.821742057800293,
  "test_0028.png": 7.831442356109619,
  "test_0029.png": 24.914398193359375,
  "test_0030.png": 29.476314544677734,
  "test_0031.png": 15.924605369567871,
  "test_0032.png": 22.495319366455078,
  "test_0033.png": 23.8612060546875,
  "test_0034.png": 13.136277198791504,
  "test_0035.png": 18.11185646057129,
  "test_0036.png": 23.737300872802734,
  "test_0037.png": 33.09172439575195,
  "test_0038.png": 35.718624114990234,
  "test_0039.png": 19.62104606628418,
  "test_0040.png": 25.35696029663086,
  "test_0041.png": 34.483097076416016,
  "test_0042.png": 24.326053619384766,
  "test_0043.png": 10.064800262451172,
  "test_0044.png": 16.448436737060547,
  "test_0045.png": 6.171390533447266,
  "test_0046.png": 7.075995922088623,
  "test_0047.png": 16.961986541748047,
  "test_0048.png": 18.502803802490234,
  "test_0049.png": 64.4736557006836,
  "test_0050.png": 19.13135528564453,
  "test_0051.png": 14.944177627563477,
  "test_0052.png": 12.927971839904785,
  "test_0053.png": 20.263553619384766,
  "test_0054.png": 11.088027954101562,
  "test_0055.png": 55.75248718261719,
  "test_0056.png": 39.444889068603516,
  "test_0057.png": 29.0091552734375,
  "test_0058.png": 12.661961555480957,
  "test_0059.png": 46.60617446899414,
  "test_0060.png": 44.83640670776367,
  "test_0061.png": 6.178370475769043,
  "test_0062.png": 12.341751098632812,
  "test_0063.png": 2.4161484241485596,
  "test_0064.png": 2.533254861831665,
  "test_0065.png": 2.7968623638153076,
  "test_0066.png": 1.5163601636886597,
  "test_0067.png": 2.1729536056518555,
  "test_0068.png": 1.9119372367858887,
  "test_0069.png": 4.871371746063232,
  "test_0070.png": 1.8706988096237183,
  "test_0071.png": 1.7240763902664185,
  "test_0072.png": 2.374769687652588,
  "test_0073.png": 2.3185884952545166,
  "test_0074.png": 3.529876947402954,
  "test_0075.png": 4.980534553527832,
  "test_0076.png": 1.973715901374817,
  "test_0077.png": 1.7233290672302246,
  "test_0078.png": 3.52392578125,
  "test_0079.png": 1.9448424577713013,
  "test_0080.png": 2.2367117404937744,
  "test_0081.png": 2.6048898696899414,
  "test_0082.png": 2.3810956478118896
}
