{
  "test_0000.png": 0.5531375408172607,
  "test_0001.png": 0.5564377307891846,
  "test_0002.png": 0.5482567548751831,
  "test_0003.png": 0.5540574789047241,
  "test_0004.png": 0.5664700865745544,
  "test_0005.png": 0.5520320534706116,
  "test_0006.png": 0.5528717041015625,
  "test_0007.png": 0.5402594208717346,
  "test_0008.png": 0.5565884113311768,
  "test_0009.png": 0.5440378785133362,
  "test_0010.png": 0.5517094731330872,
  "test_0011.png": 0.5472766757011414,
  "test_0012.png": 0.5485444068908691,
  "test_0013.png": 0.5385666489601135,
  "test_0014.png": 0.5611021518707275,
  "test_0015.png": 0.5532326102256775,
  "test_0016.png": 0.5474832653999329,
  "test_0017.png": 0.5552394390106201,
  "test_0018.png": 0.5528881549835205,
  "test_0019.png": 0.5496481657028198,
  "test_0020.png": 0.511000394821167,
  "test_0021.png": 0.5546998977661133,
  "test_0022.png": 0.5563532114028931,
  "test_0023.png": 0.5591422319412231,
  "test_0024.png": 0.5687886476516724,
  "test_0025.png": 0.5387042760848999,
  "test_0026.png": 0.5448456406593323,
  "test_0027.png": 0.5349690914154053,
  "test_0028.png": 0.5458134412765503,
  "test_0029.png": 0.5503482818603516,
  "test_0030.png": 0.5560662746429443,
  "test_0031.png": 0.5423548817634583,
  "test_0032.png": 0.5629783868789673,
  "test_0033.png": 0.5263710618019104,
  "test_0034.png": 0.5330270528793335,
  "test_0035.png": 0.5385679006576538,
  "test_0036.png": 0.5453956127166748,
  "test_0037.png": 0.5651183128356934,
  "test_0038.png": 0.5697524547576904,
  "test_0039.png": 0.5591773390769958,
  "test_0040.png": 0.5648294687271118,
  "test_0041.png": 0.5513355731964111,
  "test_0042.png": 0.5301493406295776,
  "test_0043.png": 0.5066621899604797,
  "test_0044.png": 0.5098745226860046,
  "test_0045.png": 0.4885399639606476,
  "test_0046.png": 0.5084500312805176,
  "test_0047.png": 0.5544835925102234,
  "test_0048.png": 0.5408180356025696,
  "test_0049.png": 0.562674880027771,
  "test_0050.png": 0.542792022228241,
  "test_0051.png": 0.5427720546722412,
  "test_0052.png": 0.5455126762390137,
  "test_0053.png": 0.5364448428153992,
  "test_0054.png": 0.4884333908557892,
  "test_0055.png": 0.5497390031814575,
  "test_0056.png": 0.5210344195365906,
  "test_0057.png": 0.5184715390205383,
  "test_0058.png": 0.5031116008758545,
  "test_0059.png": 0.5532883405685425,
  "test_0060.png": 0.5484843850135803,
  "test_0061.png": 0.4859626293182373,
  "test_0062.png": 0.4894145131111145,
  "test_0063.png": 0.420145183801651,
  "test_0064.png": 0.43438521027565,
  "test_0065.png": 0.4418666958808899,
  "test_0066.png": 0.3935621678829193,
  "test_0067.png": 0.4090055525302887,
  "test_0068.png": 0.40281224250793457,
  "test_0069.png": 0.4144507646560669,
  "test_0070.png": 0.4249853193759918,
  "test_0071.png": 0.4154439866542816,
  "test_0072.png": 0.4322638213634491,
  "test_0073.png": 0.43453529477119446,
  "test_0074.png": 0.4136336147785187,
  "test_0075.png": 0.4205734431743622,
  "test_0076.png": 0.40448805689811707,
  "test_0077.png": 0.421053409576416,
  "test_0078.png": 0.43756160140037537,
  "test_0079.png": 0.43599966168403625,
  "test_0080.png": 0.40676820278167725,
  "test_0081.png": 0.4354967772960663,
  "test_0082.png": 0.43348509073257446
}
