{
  "test_0000.png": 0.25553321838378906,
  "test_0001.png": 0.22783605754375458,
  "test_0002.png": 0.15693646669387817,
  "test_0003.png": 0.24297352135181427,
  "test_0004.png": 0.2262333780527115,
  "test_0005.png": 0.16496442258358002,
  "test_0006.png": 0.15072692930698395,
  "test_0007.png": 0.2363954484462738,
  "test_0008.png": 0.2723957896232605,
  "test_0009.png": 0.18719542026519775,
  "test_0010.png": 0.19870463013648987,
  "test_0011.png": 0.2353339046239853,
  "test_0012.png": 0.2373524010181427,
  "test_0013.png": 0.21968817710876465,
  "test_0014.png": 0.19221459329128265,
  "test_0015.png": 0.26014459133148193,
  "test_0016.png": 0.21227924525737762,
  "test_0017.png": 0.1394619196653366,
  "test_0018.png": 0.21113039553165436,
  "test_0019.png": 0.3163048326969147,
  "test_0020.png": 0.26865166425704956,
  "test_0021.png": 0.3013265132904053,
  "test_0022.png": 0.33833715319633484,
  "test_0023.png": 0.17683249711990356,
  "test_0024.png": 0.265636682510376,
  "test_0025.png": 0.3257943391799927,
  "test_0026.png": 0.22591210901737213,
  "test_0027.png": 0.1892324984073639,
  "test_0028.png": 0.30388468503952026,
  "test_0029.png": 0.2576734125614166,
  "test_0030.png": 0.2999025881290436,
  "test_0031.png": 0.3324655294418335,
  "test_0032.png": 0.2657388746738434,
  "test_0033.png": 0.23937226831912994,
  "test_0034.png": 0.3475933074951172,
  "test_0035.png": 0.21459659934043884,
  "test_0036.png": 0.09353826940059662,
  "test_0037.png": 0.11180420219898224,
  "test_0038.png": 0.10478822886943817,
  "test_0039.png": 0.10657163709402084,
  "test_0040.png": 0.11234191805124283,
  "test_0041.png": 0.11870235949754715,
  "test_0042.png": 0.12837640941143036,
  "test_0043.png": 0.11617624014616013,
  "test_0044.png": 0.11911153048276901,
  "test_0045.png": 0.12093859910964966,
  "test_0046.png": 0.10432062298059464,
  "test_0047.png": 0.10231726616621017,
  "test_0048.png": 0.11622989922761917,
  "test_0049.png": 0.10501372069120407,
  "test_0050.png": 0.11712278425693512,
  "test_0051.png": 0.11265021562576294,
  "test_0052.png": 0.11419929563999176,
  "test_0053.png": 0.10380526632070541,
  "test_0054.png": 0.09773028641939163,
  "test_0055.png": 0.12338874489068985,
  "test_0056.png": 0.09864030033349991,
  "test_0057.png": 0.11203325539827347,
  "test_0058.png": 0.13218805193901062,
  "test_0059.png": 0.11015436053276062,
  "test_0060.png": 0.10116085410118103,
  "test_0061.png": 0.10793261229991913,
  "test_0062.png": 0.1288055032491684,
  "test_0063.png": 0.10717880725860596,
  "test_0064.png": 0.2759314477443695,
  "test_0065.png": 0.1575751155614853,
  "test_0066.png": 0.2403249740600586,
  "test_0067.png": 0.2865443229675293,
  "test_0068.png": 0.3038083016872406,
  "test_0069.png": 0.2691175043582916,
  "test_0070.png": 0.30665990710258484,
  "test_0071.png": 0.33495450019836426,
  "test_0072.png": 0.328562468290329,
  "test_0073.png": 0.2658114731311798,
  "test_0074.png": 0.2837824821472168,
  "test_0075.png": 0.27032607793807983,
  "test_0076.png": 0.2507643699645996,
  "test_0077.png": 0.267428994178772,
  "test_0078.png": 0.2884473204612732,
  "test_0079.png": 0.27824005484580994,
  "test_0080.png": 0.20920899510383606,
  "test_0081.png": 0.11438463628292084,
  "test_0082.png": 0.16313083469867706,
  "test_0083.png": 0.26261255145072937,
  "test_0084.png": 0.2979431748390198,
  "test_0085.png": 0.32547903060913086,
  "test_0086.png": 0.3424852788448334,
  "test_0087.png": 0.3410585820674896,
  "test_0088.png": 0.3043535649776459,
  "test_0089.png": 0.3352275490760803,
  "test_0090.png": 0.2525848150253296,
  "test_0091.png": 0.32645753026008606,
  "test_0092.png": 0.23813824355602264,
  "test_0093.png": 0.2736845314502716,
  "test_0094.png": 0.2656342685222626,
  "test_0095.png": 0.18160705268383026,
  "test_0096.png": 0.26602956652641296,
  "test_0097.png": 0.3009997606277466,
  "test_0098.png": 0.3082241117954254,
  "test_0099.png": 0.19747789204120636,
  "test_0100.png": 0.30562251806259155,
  "test_0101.png": 0.23388324677944183,
  "test_0102.png": 0.27388691902160645,
  "test_0103.png": 0.279166042804718,
  "test_0104.png": 0.26385265588760376,
  "test_0105.png": 0.2810971438884735,
  "test_0106.png": 0.3360464870929718,
  "test_0107.png": 0.12851060926914215,
  "test_0108.png": 0.2908233404159546,
  "test_0109.png": 0.267824649810791,
  "test_0110.png": 0.30481335520744324,
  "test_0111.png": 0.27372652292251587,
  "test_0112.png": 0.17765864729881287,
  "test_0113.png": 0.16192097961902618,
  "test_0114.png": 0.23244453966617584,
  "test_0115.png": 0.2830458879470825,
  "test_0116.png": 0.11595852673053741
}
