{
  "test_0000.png": 0.5569206476211548,
  "test_0001.png": 0.533017635345459,
  "test_0002.png": 0.426349937915802,
  "test_0003.png": 0.49685952067375183,
  "test_0004.png": 0.5179352760314941,
  "test_0005.png": 0.4069426357746124,
  "test_0006.png": 0.4069022834300995,
  "test_0007.png": 0.5190710425376892,
  "test_0008.png": 0.598647952079773,
  "test_0009.png": 0.4861476719379425,
  "test_0010.png": 0.48016098141670227,
  "test_0011.png": 0.46648919582366943,
  "test_0012.png": 0.5334888100624084,
  "test_0013.png": 0.496709406375885,
  "test_0014.png": 0.41949695348739624,
  "test_0015.png": 0.4876837730407715,
  "test_0016.png": 0.4686846435070038,
  "test_0017.png": 0.43089762330055237,
  "test_0018.png": 0.4723288118839264,
  "test_0019.png": 0.6030701398849487,
  "test_0020.png": 0.5253459811210632,
  "test_0021.png": 0.6102336049079895,
  "test_0022.png": 0.6058897376060486,
  "test_0023.png": 0.4376423954963684,
  "test_0024.png": 0.50190269947052,
  "test_0025.png": 0.5989862680435181,
  "test_0026.png": 0.5036584734916687,
  "test_0027.png": 0.41363459825515747,
  "test_0028.png": 0.6585778594017029,
  "test_0029.png": 0.46908825635910034,
  "test_0030.png": 0.5623698234558105,
  "test_0031.png": 0.5988296270370483,
  "test_0032.png": 0.5143282413482666,
  "test_0033.png": 0.5030410289764404,
  "test_0034.png": 0.639838457107544,
  "test_0035.png": 0.4662691652774811,
  "test_0036.png": 0.2888675034046173,
  "test_0037.png": 0.28640827536582947,
  "test_0038.png": 0.2970048487186432,
  "test_0039.png": 0.2964112162590027,
  "test_0040.png": 0.31087157130241394,
  "test_0041.png": 0.31286588311195374,
  "test_0042.png": 0.3334353268146515,
  "test_0043.png": 0.3261859118938446,
  "test_0044.png": 0.3246620297431946,
  "test_0045.png": 0.3039577007293701,
  "test_0046.png": 0.27015939354896545,
  "test_0047.png": 0.2899744510650635,
  "test_0048.png": 0.31840503215789795,
  "test_0049.png": 0.30141499638557434,
  "test_0050.png": 0.3014858663082123,
  "test_0051.png": 0.29398101568222046,
  "test_0052.png": 0.26056206226348877,
  "test_0053.png": 0.28724998235702515,
  "test_0054.png": 0.265426367521286,
  "test_0055.png": 0.2759053409099579,
  "test_0056.png": 0.28196755051612854,
  "test_0057.png": 0.30597928166389465,
  "test_0058.png": 0.27907997369766235,
  "test_0059.png": 0.27489593625068665,
  "test_0060.png": 0.2771913409233093,
  "test_0061.png": 0.27889108657836914,
  "test_0062.png": 0.2843860685825348,
  "test_0063.png": 0.290820837020874,
  "test_0064.png": 0.44542983174324036,
  "test_0065.png": 0.3180098235607147,
  "test_0066.png": 0.4874369502067566,
  "test_0067.png": 0.5572869181632996,
  "test_0068.png": 0.5506083965301514,
  "test_0069.png": 0.51007080078125,
  "test_0070.png": 0.5784885883331299,
  "test_0071.png": 0.5760139226913452,
  "test_0072.png": 0.62076336145401,
  "test_0073.png": 0.5376690030097961,
  "test_0074.png": 0.5523102283477783,
  "test_0075.png": 0.508622407913208,
  "test_0076.png": 0.4819217622280121,
  "test_0077.png": 0.49371156096458435,
  "test_0078.png": 0.5496530532836914,
  "test_0079.png": 0.472773015499115,
  "test_0080.png": 0.4854775369167328,
  "test_0081.png": 0.32465800642967224,
  "test_0082.png": 0.3734865188598633,
  "test_0083.png": 0.5041190981864929,
  "test_0084.png": 0.5397099256515503,
  "test_0085.png": 0.5799016952514648,
  "test_0086.png": 0.6337733268737793,
  "test_0087.png": 0.566245436668396,
  "test_0088.png": 0.5681175589561462,
  "test_0089.png": 0.6081351041793823,
  "test_0090.png": 0.4280278980731964,
  "test_0091.png": 0.6079352498054504,
  "test_0092.png": 0.4736209809780121,
  "test_0093.png": 0.5079741477966309,
  "test_0094.png": 0.4868108034133911,
  "test_0095.png": 0.3862278461456299,
  "test_0096.png": 0.4601675271987915,
  "test_0097.png": 0.5004755258560181,
  "test_0098.png": 0.6127227544784546,
  "test_0099.png": 0.3821534514427185,
  "test_0100.png": 0.5476077795028687,
  "test_0101.png": 0.4708006978034973,
  "test_0102.png": 0.5215824246406555,
  "test_0103.png": 0.5455344319343567,
  "test_0104.png": 0.5547168254852295,
  "test_0105.png": 0.5636810660362244,
  "test_0106.png": 0.5930586457252502,
  "test_0107.png": 0.36462271213531494,
  "test_0108.png": 0.5640144348144531,
  "test_0109.png": 0.5697680115699768,
  "test_0110.png": 0.5241328477859497,
  "test_0111.png": 0.5525611639022827,
  "test_0112.png": 0.36043494939804077,
  "test_0113.png": 0.3953956067562103,
  "test_0114.png": 0.5033388137817383,
  "test_0115.png": 0.5952825546264648,
  "test_0116.png": 0.3338373005390167
}
