{
  "test_0000.png": 0.9999999999953524,
  "test_0001.png": 0.9999999999803464,
  "test_0002.png": 0.9999999999947449,
  "test_0003.png": 0.9999999999995899,
  "test_0004.png": 0.9999999999353129,
  "test_0005.png": 0.999999999987182,
  "test_0006.png": 0.9999999999937534,
  "test_0007.png": 0.9999999999738782,
  "test_0008.png": 0.9999999999961215,
  "test_0009.png": 0.9999998749850648,
  "test_0010.png": 0.9999999999940989,
  "test_0011.png": 0.9999999757657535,
  "test_0012.png": 0.9999999997583722,
  "test_0013.png": 0.9999999999927172,
  "test_0014.png": 0.9999999999184974,
  "test_0015.png": 0.9999999999682876,
  "test_0016.png": 0.9999999999965059,
  "test_0017.png": 0.9999999999550007,
  "test_0018.png": 0.9999999999989004,
  "test_0019.png": 0.9999999999915281,
  "test_0020.png": 0.9998332306382924,
  "test_0021.png": 0.9999999998533986,
  "test_0022.png": 0.9999999999458384,
  "test_0023.png": 0.9999999999864462,
  "test_0024.png": 0.9999999999993101,
  "test_0025.png": 0.9999999982493453,
  "test_0026.png": 0.9999999975596423,
  "test_0027.png": 0.999999661273746,
  "test_0028.png": 0.9999998795764332,
  "test_0029.png": 0.9999999996668336,
  "test_0030.png": 0.9999999997321241,
  "test_0031.png": 0.9999999927221674,
  "test_0032.png": 0.9999999999657079,
  "test_0033.png": 0.9999999997845559,
  "test_0034.png": 0.9999999352522226,
  "test_0035.png": 0.999999999691791,
  "test_0036.png": 0.9999999998799414,
  "test_0037.png": 0.9999999999974725,
  "test_0038.png": 0.9999999999994613,
  "test_0039.png": 0.9999999998592508,
  "test_0040.png": 0.9999999999853628,
  "test_0041.png": 0.9999999992722677,
  "test_0042.png": 0.9999999999223641,
  "test_0043.png": 0.9999999682801696,
  "test_0044.png": 0.9999967126894693,
  "test_0045.png": 0.9992737400872651,
  "test_0046.png": 0.9999165653191349,
  "test_0047.png": 0.999999999988378,
  "test_0048.png": 0.9999999987427561,
  "test_0049.png": 0.9999999999999727,
  "test_0050.png": 0.9999999936987249,
  "test_0051.png": 0.9999999668777673,
  "test_0052.png": 0.9999999911688414,
  "test_0053.png": 0.9999999717159095,
  "test_0054.png": 0.99999610922271,
  "test_0055.png": 0.9999999999995968,
  "test_0056.png": 0.9999999929995598,
  "test_0057.png": 0.9999999999900944,
  "test_0058.png": 0.9999998486862396,
  "test_0059.png": 0.9999999999997997,
  "test_0060.png": 0.999999999999033,
  "test_0061.png": 0.9996875377370186,
  "test_0062.png": 0.9999918181051213,
  "test_0063.png": 0.5632304209483993,
  "test_0064.png": 0.7397390266643752,
  "test_0065.png": 0.7078041404087885,
  "test_0066.png": 0.19054091472079435,
  "test_0067.png": 0.13011931871768753,
  "test_0068.png": 0.18318921742803615,
  "test_0069.png": 0.752559349912445,
  "test_0070.png": 0.4151694141607874,
  "test_0071.png": 0.5185693937712063,
  "test_0072.png": 0.8378159476236677,
  "test_0073.png": 0.7544578369147404,
  "test_0074.png": 0.19661418342749154,
  "test_0075.png": 0.33690607849277326,
  "test_0076.png": 0.2524340095738082,
  "test_0077.png": 0.24428736934072268,
  "test_0078.png": 0.8243569621663195,
  "test_0079.png": 0.6903086690725276,
  "test_0080.png": 0.2740561973666955,
  "test_0081.png": 0.5876791962981819,
  "test_0082.png": 0.8676190689853324
}
