{
  "test_0000.png": 0.8607423305511475,
  "test_0001.png": 0.803138792514801,
  "test_0002.png": 0.7097427248954773,
  "test_0003.png": 0.78851318359375,
  "test_0004.png": 0.8235824704170227,
  "test_0005.png": 0.7782344818115234,
  "test_0006.png": 0.6261104941368103,
  "test_0007.png": 0.7569790482521057,
  "test_0008.png": 0.8664257526397705,
  "test_0009.png": 0.7951706647872925,
  "test_0010.png": 0.8163356781005859,
  "test_0011.png": 0.7767913937568665,
  "test_0012.png": 0.8465514183044434,
  "test_0013.png": 0.8363307118415833,
  "test_0014.png": 0.6487563252449036,
  "test_0015.png": 0.8003244400024414,
  "test_0016.png": 0.7792022228240967,
  "test_0017.png": 0.712174654006958,
  "test_0018.png": 0.7866306304931641,
  "test_0019.png": 0.8788061141967773,
  "test_0020.png": 0.8261382579803467,
  "test_0021.png": 0.8594148755073547,
  "test_0022.png": 0.8723400831222534,
  "test_0023.png": 0.7831087708473206,
  "test_0024.png": 0.8378657698631287,
  "test_0025.png": 0.8509223461151123,
  "test_0026.png": 0.8116550445556641,
  "test_0027.png": 0.7434184551239014,
  "test_0028.png": 0.8829370737075806,
  "test_0029.png": 0.8284633159637451,
  "test_0030.png": 0.869915783405304,
  "test_0031.png": 0.8911641836166382,
  "test_0032.png": 0.8562885522842407,
  "test_0033.png": 0.8503064513206482,
  "test_0034.png": 0.8889791965484619,
  "test_0035.png": 0.820316731929779,
  "test_0036.png": 0.15787309408187866,
  "test_0037.png": 0.2599370777606964,
  "test_0038.png": 0.0,
  "test_0039.png": 0.44296208024024963,
  "test_0040.png": 0.43734726309776306,
  "test_0041.png": 0.45844411849975586,
  "test_0042.png": 0.5452791452407837,
  "test_0043.png": 0.38615939021110535,
  "test_0044.png": 0.49541038274765015,
  "test_0045.png": 0.49054884910583496,
  "test_0046.png": 0.1834622472524643,
  "test_0047.png": 0.4838986098766327,
  "test_0048.png": 0.4597686231136322,
  "test_0049.png": 0.3032788634300232,
  "test_0050.png": 0.45271602272987366,
  "test_0051.png": 0.5111782550811768,
  "test_0052.png": 0.5314401388168335,
  "test_0053.png": 0.2945401668548584,
  "test_0054.png": 0.35640498995780945,
  "test_0055.png": 0.7168276309967041,
  "test_0056.png": 0.5669602751731873,
  "test_0057.png": 0.5203008055686951,
  "test_0058.png": 0.6838787794113159,
  "test_0059.png": 0.6101431250572205,
  "test_0060.png": 0.5396578907966614,
  "test_0061.png": 0.5651983022689819,
  "test_0062.png": 0.3662493824958801,
  "test_0063.png": 0.34695982933044434,
  "test_0064.png": 0.8116012215614319,
  "test_0065.png": 0.6647266745567322,
  "test_0066.png": 0.8247529864311218,
  "test_0067.png": 0.8357204794883728,
  "test_0068.png": 0.8619551062583923,
  "test_0069.png": 0.8549065589904785,
  "test_0070.png": 0.8522427082061768,
  "test_0071.png": 0.8777165412902832,
  "test_0072.png": 0.8883013129234314,
  "test_0073.png": 0.8707199692726135,
  "test_0074.png": 0.849854052066803,
  "test_0075.png": 0.8581863641738892,
  "test_0076.png": 0.7828364968299866,
  "test_0077.png": 0.8553066849708557,
  "test_0078.png": 0.8730839490890503,
  "test_0079.png": 0.8548827767372131,
  "test_0080.png": 0.8044601082801819,
  "test_0081.png": 0.2182515263557434,
  "test_0082.png": 0.6282285451889038,
  "test_0083.png": 0.7672281265258789,
  "test_0084.png": 0.8036479949951172,
  "test_0085.png": 0.8367968201637268,
  "test_0086.png": 0.8707957863807678,
  "test_0087.png": 0.8500800728797913,
  "test_0088.png": 0.8660876750946045,
  "test_0089.png": 0.8375988602638245,
  "test_0090.png": 0.8036830425262451,
  "test_0091.png": 0.8668540120124817,
  "test_0092.png": 0.7519266605377197,
  "test_0093.png": 0.8479617834091187,
  "test_0094.png": 0.8337437510490417,
  "test_0095.png": 0.7098637223243713,
  "test_0096.png": 0.7675632238388062,
  "test_0097.png": 0.7358523011207581,
  "test_0098.png": 0.863775372505188,
  "test_0099.png": 0.7116681933403015,
  "test_0100.png": 0.7699316143989563,
  "test_0101.png": 0.7944961786270142,
  "test_0102.png": 0.837162971496582,
  "test_0103.png": 0.876359760761261,
  "test_0104.png": 0.861379861831665,
  "test_0105.png": 0.8310936093330383,
  "test_0106.png": 0.8794767260551453,
  "test_0107.png": 0.5611373782157898,
  "test_0108.png": 0.8608007431030273,
  "test_0109.png": 0.8040593862533569,
  "test_0110.png": 0.8721466064453125,
  "test_0111.png": 0.8801630139350891,
  "test_0112.png": 0.6672866344451904,
  "test_0113.png": 0.5719034671783447,
  "test_0114.png": 0.8379461765289307,
  "test_0115.png": 0.8843390345573425,
  "test_0116.png": 0.592298686504364
}
