{
  "test_0000.png": 0.7246921062469482,
  "test_0001.png": 0.7224092483520508,
  "test_0002.png": 0.7640904784202576,
  "test_0003.png": 0.8100094199180603,
  "test_0004.png": 0.7819161415100098,
  "test_0005.png": 0.7395289540290833,
  "test_0006.png": 0.8057782053947449,
  "test_0007.png": 0.694462776184082,
  "test_0008.png": 0.7117895483970642,
  "test_0009.png": 0.6003822088241577,
  "test_0010.png": 0.7980387806892395,
  "test_0011.png": 0.5921558141708374,
  "test_0012.png": 0.7101548910140991,
  "test_0013.png": 0.6827421188354492,
  "test_0014.png": 0.6722442507743835,
  "test_0015.png": 0.7010838985443115,
  "test_0016.png": 0.6868966817855835,
  "test_0017.png": 0.6884150505065918,
  "test_0018.png": 0.7563521265983582,
  "test_0019.png": 0.7261739373207092,
  "test_0020.png": 0.4562601149082184,
  "test_0021.png": 0.6952654719352722,
  "test_0022.png": 0.6803844571113586,
  "test_0023.png": 0.6851954460144043,
  "test_0024.png": 0.7450532913208008,
  "test_0025.png": 0.5844095945358276,
  "test_0026.png": 0.6624376177787781,
  "test_0027.png": 0.5606323480606079,
  "test_0028.png": 0.595077395439148,
  "test_0029.png": 0.6782841682434082,
  "test_0030.png": 0.7249971628189087,
  "test_0031.png": 0.5874111652374268,
  "test_0032.png": 0.7398898601531982,
  "test_0033.png": 0.6295276284217834,
  "test_0034.png": 0.5716551542282104,
  "test_0035.png": 0.629153847694397,
  "test_0036.png": 0.7019898295402527,
  "test_0037.png": 0.7827813625335693,
  "test_0038.png": 0.7905051708221436,
  "test_0039.png": 0.6603390574455261,
  "test_0040.png": 0.7616470456123352,
  "test_0041.png": 0.6991322636604309,
  "test_0042.png": 0.7040759325027466,
  "test_0043.png": 0.5334484577178955,
  "test_0044.png": 0.6123112440109253,
  "test_0045.png": 0.3863518238067627,
  "test_0046.png": 0.4081815183162689,
  "test_0047.png": 0.7459694743156433,
  "test_0048.png": 0.6601712703704834,
  "test_0049.png": 0.9345514178276062,
  "test_0050.png": 0.6473342180252075,
  "test_0051.png": 0.6287574172019958,
  "test_0052.png": 0.671514630317688,
  "test_0053.png": 0.5650918483734131,
  "test_0054.png": 0.4863346517086029,
  "test_0055.png": 0.8908334374427795,
  "test_0056.png": 0.7180048823356628,
  "test_0057.png": 0.7098919153213501,
  "test_0058.png": 0.5204344391822815,
  "test_0059.png": 0.8833937048912048,
  "test_0060.png": 0.725412905216217,
  "test_0061.png": 0.4146832525730133,
  "test_0062.png": 0.5009641051292419,
  "test_0063.png": 0.2696516513824463,
  "test_0064.png": 0.284381628036499,
  "test_0065.png": 0.2784360945224762,
  "test_0066.png": 0.21498890221118927,
  "test_0067.png": 0.2198069989681244,
  "test_0068.png": 0.2239542007446289,
  "test_0069.png": 0.3184399902820587,
  "test_0070.png": 0.2385399043560028,
  "test_0071.png": 0.25626182556152344,
  "test_0072.png": 0.2644415497779846,
  "test_0073.png": 0.27266213297843933,
  "test_0074.png": 0.21434839069843292,
  "test_0075.png": 0.2395472228527069,
  "test_0076.png": 0.24548198282718658,
  "test_0077.png": 0.2342144399881363,
  "test_0078.png": 0.29416969418525696,
  "test_0079.png": 0.2795986533164978,
  "test_0080.png": 0.2533944249153137,
  "test_0081.png": 0.2886640727519989,
  "test_0082.png": 0.2792079448699951
}
