{
  "test_0000.png": 0.7905719876289368,
  "test_0001.png": 0.7921625971794128,
  "test_0002.png": 0.7804189920425415,
  "test_0003.png": 0.8073766827583313,
  "test_0004.png": 0.7880045175552368,
  "test_0005.png": 0.761730968952179,
  "test_0006.png": 0.8112865686416626,
  "test_0007.png": 0.7898263335227966,
  "test_0008.png": 0.8034912943840027,
  "test_0009.png": 0.7760180234909058,
  "test_0010.png": 0.7936077117919922,
  "test_0011.png": 0.7686767578125,
  "test_0012.png": 0.7681699991226196,
  "test_0013.png": 0.7715250849723816,
  "test_0014.png": 0.7904334664344788,
  "test_0015.png": 0.7927491664886475,
  "test_0016.png": 0.7916215062141418,
  "test_0017.png": 0.7935943603515625,
  "test_0018.png": 0.7817745804786682,
  "test_0019.png": 0.7785277366638184,
  "test_0020.png": 0.6212344765663147,
  "test_0021.png": 0.7780323028564453,
  "test_0022.png": 0.7684407234191895,
  "test_0023.png": 0.7781028747558594,
  "test_0024.png": 0.8026993274688721,
  "test_0025.png": 0.7404338717460632,
  "test_0026.png": 0.7892881631851196,
  "test_0027.png": 0.724939227104187,
  "test_0028.png": 0.7652963995933533,
  "test_0029.png": 0.778416097164154,
  "test_0030.png": 0.7846741080284119,
  "test_0031.png": 0.7536355257034302,
  "test_0032.png": 0.8007109761238098,
  "test_0033.png": 0.7774174809455872,
  "test_0034.png": 0.7118893265724182,
  "test_0035.png": 0.7206076383590698,
  "test_0036.png": 0.7707105875015259,
  "test_0037.png": 0.7638325691223145,
  "test_0038.png": 0.7976042032241821,
  "test_0039.png": 0.7888095378875732,
  "test_0040.png": 0.7967620491981506,
  "test_0041.png": 0.7824282050132751,
  "test_0042.png": 0.7518687844276428,
  "test_0043.png": 0.7113673090934753,
  "test_0044.png": 0.7023636102676392,
  "test_0045.png": 0.5834210515022278,
  "test_0046.png": 0.6432151198387146,
  "test_0047.png": 0.8042256832122803,
  "test_0048.png": 0.7689574956893921,
  "test_0049.png": 0.8161066770553589,
  "test_0050.png": 0.7773886919021606,
  "test_0051.png": 0.7733585834503174,
  "test_0052.png": 0.7899227738380432,
  "test_0053.png": 0.7394256591796875,
  "test_0054.png": 0.6658754348754883,
  "test_0055.png": 0.7922368049621582,
  "test_0056.png": 0.7453158497810364,
  "test_0057.png": 0.7890466451644897,
  "test_0058.png": 0.6614116430282593,
  "test_0059.png": 0.7943316102027893,
  "test_0060.png": 0.7822071313858032,
  "test_0061.png": 0.5248527526855469,
  "test_0062.png": 0.6864546537399292,
  "test_0063.png": 0.20757003128528595,
  "test_0064.png": 0.2241203635931015,
  "test_0065.png": 0.30188804864883423,
  "test_0066.png": 0.036873709410429,
  "test_0067.png": 0.1295415461063385,
  "test_0068.png": 0.05300240218639374,
  "test_0069.png": 0.5073369741439819,
  "test_0070.png": 0.27209150791168213,
  "test_0071.png": 0.18693742156028748,
  "test_0072.png": 0.28878331184387207,
  "test_0073.png": 0.1843293458223343,
  "test_0074.png": 0.14172203838825226,
  "test_0075.png": 0.270470529794693,
  "test_0076.png": 0.02252960577607155,
  "test_0077.png": 0.08618858456611633,
  "test_0078.png": 0.38455379009246826,
  "test_0079.png": 0.2950676381587982,
  "test_0080.png": 0.2756598889827728,
  "test_0081.png": 0.37173566222190857,
  "test_0082.png": 0.3080621063709259
}
