{
  "test_0000.png": 0.23603324592113495,
  "test_0001.png": 0.21233662962913513,
  "test_0002.png": 0.11571298539638519,
  "test_0003.png": 0.23033559322357178,
  "test_0004.png": 0.2059447020292282,
  "test_0005.png": 0.12218230962753296,
  "test_0006.png": 0.12143884599208832,
  "test_0007.png": 0.20631098747253418,
  "test_0008.png": 0.25523871183395386,
  "test_0009.png": 0.1548616886138916,
  "test_0010.png": 0.17213062942028046,
  "test_0011.png": 0.20541223883628845,
  "test_0012.png": 0.22224333882331848,
  "test_0013.png": 0.2090853452682495,
  "test_0014.png": 0.16876791417598724,
  "test_0015.png": 0.2369099110364914,
  "test_0016.png": 0.18244048953056335,
  "test_0017.png": 0.10261549800634384,
  "test_0018.png": 0.1680295467376709,
  "test_0019.png": 0.2840203642845154,
  "test_0020.png": 0.22858603298664093,
  "test_0021.png": 0.2826623320579529,
  "test_0022.png": 0.32175520062446594,
  "test_0023.png": 0.13121561706066132,
  "test_0024.png": 0.2272929698228836,
  "test_0025.png": 0.31361308693885803,
  "test_0026.png": 0.1770835518836975,
  "test_0027.png": 0.14479798078536987,
  "test_0028.png": 0.2843511998653412,
  "test_0029.png": 0.21450644731521606,
  "test_0030.png": 0.273367702960968,
  "test_0031.png": 0.31772688031196594,
  "test_0032.png": 0.2158522754907608,
  "test_0033.png": 0.19949275255203247,
  "test_0034.png": 0.34666845202445984,
  "test_0035.png": 0.16669626533985138,
  "test_0036.png": 0.0602332204580307,
  "test_0037.png": 0.08679290860891342,
  "test_0038.png": 0.07334965467453003,
  "test_0039.png": 0.0759040042757988,
  "test_0040.png": 0.07588781416416168,
  "test_0041.png": 0.0899139791727066,
  "test_0042.png": 0.10298389941453934,
  "test_0043.png": 0.079896941781044,
  "test_0044.png": 0.0795542523264885,
  "test_0045.png": 0.08693046867847443,
  "test_0046.png": 0.07646571844816208,
  "test_0047.png": 0.07247705012559891,
  "test_0048.png": 0.08393315970897675,
  "test_0049.png": 0.07182451337575912,
  "test_0050.png": 0.09427572786808014,
  "test_0051.png": 0.07682140916585922,
  "test_0052.png": 0.06985771656036377,
  "test_0053.png": 0.07235215604305267,
  "test_0054.png": 0.06464933604001999,
  "test_0055.png": 0.10004743933677673,
  "test_0056.png": 0.06254919618368149,
  "test_0057.png": 0.07447919994592667,
  "test_0058.png": 0.10678309947252274,
  "test_0059.png": 0.07167325913906097,
  "test_0060.png": 0.06689488142728806,
  "test_0061.png": 0.06982237100601196,
  "test_0062.png": 0.11423659324645996,
  "test_0063.png": 0.07092636823654175,
  "test_0064.png": 0.23954157531261444,
  "test_0065.png": 0.11008144915103912,
  "test_0066.png": 0.21863701939582825,
  "test_0067.png": 0.2548879384994507,
  "test_0068.png": 0.2811775505542755,
  "test_0069.png": 0.24654899537563324,
  "test_0070.png": 0.28992825746536255,
  "test_0071.png": 0.3050285875797272,
  "test_0072.png": 0.3040144443511963,
  "test_0073.png": 0.21259991824626923,
  "test_0074.png": 0.25411468744277954,
  "test_0075.png": 0.2403622716665268,
  "test_0076.png": 0.20925307273864746,
  "test_0077.png": 0.2151862531900406,
  "test_0078.png": 0.2543041408061981,
  "test_0079.png": 0.253746896982193,
  "test_0080.png": 0.17529278993606567,
  "test_0081.png": 0.07918504625558853,
  "test_0082.png": 0.11742431670427322,
  "test_0083.png": 0.24602489173412323,
  "test_0084.png": 0.2956618070602417,
  "test_0085.png": 0.32727503776550293,
  "test_0086.png": 0.333938330411911,
  "test_0087.png": 0.3367181122303009,
  "test_0088.png": 0.29160937666893005,
  "test_0089.png": 0.32282528281211853,
  "test_0090.png": 0.22586634755134583,
  "test_0091.png": 0.318248450756073,
  "test_0092.png": 0.20793098211288452,
  "test_0093.png": 0.2525050640106201,
  "test_0094.png": 0.22415031492710114,
  "test_0095.png": 0.1404188722372055,
  "test_0096.png": 0.2547326982021332,
  "test_0097.png": 0.30140045285224915,
  "test_0098.png": 0.2800794839859009,
  "test_0099.png": 0.17028091847896576,
  "test_0100.png": 0.2993183732032776,
  "test_0101.png": 0.19021382927894592,
  "test_0102.png": 0.2514396607875824,
  "test_0103.png": 0.23667564988136292,
  "test_0104.png": 0.22704578936100006,
  "test_0105.png": 0.26454582810401917,
  "test_0106.png": 0.306733101606369,
  "test_0107.png": 0.09312944859266281,
  "test_0108.png": 0.260624498128891,
  "test_0109.png": 0.2493804693222046,
  "test_0110.png": 0.25162366032600403,
  "test_0111.png": 0.23049801588058472,
  "test_0112.png": 0.1357923448085785,
  "test_0113.png": 0.12463416159152985,
  "test_0114.png": 0.20272620022296906,
  "test_0115.png": 0.26105669140815735,
  "test_0116.png": 0.07255104929208755
}
