{
  "test_0000.png": 0.25844642519950867,
  "test_0001.png": 0.26244717836380005,
  "test_0002.png": 0.2859013080596924,
  "test_0003.png": 0.3167056441307068,
  "test_0004.png": 0.3043307363986969,
  "test_0005.png": 0.27460458874702454,
  "test_0006.png": 0.3189987242221832,
  "test_0007.png": 0.240854412317276,
  "test_0008.png": 0.25414344668388367,
  "test_0009.png": 0.18167465925216675,
  "test_0010.png": 0.3083442449569702,
  "test_0011.png": 0.1686137616634369,
  "test_0012.png": 0.2562597095966339,
  "test_0013.png": 0.23404903709888458,
  "test_0014.png": 0.2291484773159027,
  "test_0015.png": 0.24249060451984406,
  "test_0016.png": 0.23951059579849243,
  "test_0017.png": 0.23975242674350739,
  "test_0018.png": 0.2845641076564789,
  "test_0019.png": 0.2633652091026306,
  "test_0020.png": 0.11118045449256897,
  "test_0021.png": 0.23148351907730103,
  "test_0022.png": 0.231262668967247,
  "test_0023.png": 0.2361871898174286,
  "test_0024.png": 0.2802424132823944,
  "test_0025.png": 0.1736626774072647,
  "test_0026.png": 0.22703427076339722,
  "test_0027.png": 0.15788450837135315,
  "test_0028.png": 0.17393261194229126,
  "test_0029.png": 0.23355792462825775,
  "test_0030.png": 0.26144883036613464,
  "test_0031.png": 0.17960584163665771,
  "test_0032.png": 0.2738114893436432,
  "test_0033.png": 0.19934582710266113,
  "test_0034.png": 0.1628669798374176,
  "test_0035.png": 0.19616571068763733,
  "test_0036.png": 0.24829134345054626,
  "test_0037.png": 0.29814112186431885,
  "test_0038.png": 0.3102642297744751,
  "test_0039.png": 0.2215268462896347,
  "test_0040.png": 0.28486698865890503,
  "test_0041.png": 0.24419686198234558,
  "test_0042.png": 0.24331124126911163,
  "test_0043.png": 0.14035354554653168,
  "test_0044.png": 0.18462325632572174,
  "test_0045.png": 0.07132022082805634,
  "test_0046.png": 0.08382483571767807,
  "test_0047.png": 0.28219130635261536,
  "test_0048.png": 0.2091575562953949,
  "test_0049.png": 0.3573087453842163,
  "test_0050.png": 0.20931966602802277,
  "test_0051.png": 0.19345736503601074,
  "test_0052.png": 0.2225666493177414,
  "test_0053.png": 0.15686067938804626,
  "test_0054.png": 0.11784610897302628,
  "test_0055.png": 0.3399856686592102,
  "test_0056.png": 0.277446985244751,
  "test_0057.png": 0.25507980585098267,
  "test_0058.png": 0.13318800926208496,
  "test_0059.png": 0.35103875398635864,
  "test_0060.png": 0.26073452830314636,
  "test_0061.png": 0.08609242737293243,
  "test_0062.png": 0.12499259412288666,
  "test_0063.png": 0.03462090715765953,
  "test_0064.png": 0.04078692942857742,
  "test_0065.png": 0.03849630430340767,
  "test_0066.png": 0.024455538019537926,
  "test_0067.png": 0.02322342060506344,
  "test_0068.png": 0.02580128237605095,
  "test_0069.png": 0.04631359875202179,
  "test_0070.png": 0.03171350434422493,
  "test_0071.png": 0.03086070343852043,
  "test_0072.png": 0.0376250334084034,
  "test_0073.png": 0.036928121000528336,
  "test_0074.png": 0.023000851273536682,
  "test_0075.png": 0.027589209377765656,
  "test_0076.png": 0.029438385739922523,
  "test_0077.png": 0.027509400621056557,
  "test_0078.png": 0.04522162303328514,
  "test_0079.png": 0.03952326253056526,
  "test_0080.png": 0.027989830821752548,
  "test_0081.png": 0.036792464554309845,
  "test_0082.png": 0.04154181480407715
}
