{
  "test_0000.png": 304.1651611328125,
  "test_0001.png": 385.71649169921875,
  "test_0002.png": 368.9057922363281,
  "test_0003.png": 545.226318359375,
  "test_0004.png": 317.7574462890625,
  "test_0005.png": 378.6170349121094,
  "test_0006.png": 383.0886535644531,
  "test_0007.png": 286.2797546386719,
  "test_0008.png": 311.7332458496094,
  "test_0009.png": 160.3291473388672,
  "test_0010.png": 361.96856689453125,
  "test_0011.png": 112.9645767211914,
  "test_0012.png": 236.74691772460938,
  "test_0013.png": 225.5177459716797,
  "test_0014.png": 279.8689880371094,
  "test_0015.png": 276.3070373535156,
  "test_0016.png": 274.2572326660156,
  "test_0017.png": 205.16629028320312,
  "test_0018.png": 395.637451171875,
  "test_0019.png": 289.7301940917969,
  "test_0020.png": 107.62228393554688,
  "test_0021.png": 253.71044921875,
  "test_0022.png": 278.08001708984375,
  "test_0023.png": 257.47314453125,
  "test_0024.png": 375.7340087890625,
  "test_0025.png": 260.1584777832031,
  "test_0026.png": 188.61126708984375,
  "test_0027.png": 125.75760650634766,
  "test_0028.png": 152.60357666015625,
  "test_0029.png": 320.369384765625,
  "test_0030.png": 279.6243896484375,
  "test_0031.png": 243.302001953125,
  "test_0032.png": 305.11663818359375,
  "test_0033.png": 315.8299255371094,
  "test_0034.png": 178.2872314453125,
  "test_0035.png": 242.12652587890625,
  "test_0036.png": 395.69427490234375,
  "test_0037.png": 348.229736328125,
  "test_0038.png": 443.65301513671875,
  "test_0039.png": 259.28082275390625,
  "test_0040.png": 406.0628967285156,
  "test_0041.png": 432.31048583984375,
  "test_0042.png": 211.11216735839844,
  "test_0043.png": 118.73494720458984,
  "test_0044.png": 363.223388671875,
  "test_0045.png": 42.17048645019531,
  "test_0046.png": 61.60428237915039,
  "test_0047.png": 300.2077331542969,
  "test_0048.png": 216.46702575683594,
  "test_0049.png": 1391.3140869140625,
  "test_0050.png": 288.1707763671875,
  "test_0051.png": 132.52706909179688,
  "test_0052.png": 125.72103881835938,
  "test_0053.png": 143.95558166503906,
  "test_0054.png": 65.87567138671875,
  "test_0055.png": 858.5608520507812,
  "test_0056.png": 391.2819519042969,
  "test_0057.png": 220.53802490234375,
  "test_0058.png": 116.88948059082031,
  "test_0059.png": 1601.779052734375,
  "test_0060.png": 425.10357666015625,
  "test_0061.png": 57.734806060791016,
  "test_0062.png": 128.81979370117188,
  "test_0063.png": 4.800271511077881,
  "test_0064.png": 14.579496383666992,
  "test_0065.png": 3.7087268829345703,
  "test_0066.png": 2.8000361919403076,
  "test_0067.png": 1.8217493295669556,
  "test_0068.png": 1.6990188360214233,
  "test_0069.png": 12.020750045776367,
  "test_0070.png": 3.8486690521240234,
  "test_0071.png": 2.4961135387420654,
  "test_0072.png": 5.842039108276367,
  "test_0073.png": 4.970036029815674,
  "test_0074.png": 2.6935648918151855,
  "test_0075.png": 3.8886632919311523,
  "test_0076.png": 4.739494323730469,
  "test_0077.png": 1.9949911832809448,
  "test_0078.png": 26.44770622253418,
  "test_0079.png": 4.733511447906494,
  "test_0080.png": 14.465370178222656,
  "test_0081.png": 6.6679253578186035,
  "test_0082.png": 7.884683609008789
}
