{
  "test_0000.png": 0.5522035360336304,
  "test_0001.png": 0.5295358896255493,
  "test_0002.png": 0.5802885293960571,
  "test_0003.png": 0.6104408502578735,
  "test_0004.png": 0.6132848858833313,
  "test_0005.png": 0.5572162866592407,
  "test_0006.png": 0.603546679019928,
  "test_0007.png": 0.5706703662872314,
  "test_0008.png": 0.5713581442832947,
  "test_0009.png": 0.5323984622955322,
  "test_0010.png": 0.581229031085968,
  "test_0011.png": 0.5001217722892761,
  "test_0012.png": 0.566615641117096,
  "test_0013.png": 0.5504283905029297,
  "test_0014.png": 0.5387701988220215,
  "test_0015.png": 0.5838468670845032,
  "test_0016.png": 0.5729430913925171,
  "test_0017.png": 0.5691638588905334,
  "test_0018.png": 0.5606015920639038,
  "test_0019.png": 0.556224524974823,
  "test_0020.png": 0.41921693086624146,
  "test_0021.png": 0.583087682723999,
  "test_0022.png": 0.5604620575904846,
  "test_0023.png": 0.5405909419059753,
  "test_0024.png": 0.5654256939888,
  "test_0025.png": 0.49073854088783264,
  "test_0026.png": 0.5475659966468811,
  "test_0027.png": 0.5208779573440552,
  "test_0028.png": 0.506190836429596,
  "test_0029.png": 0.5381870269775391,
  "test_0030.png": 0.5720400810241699,
  "test_0031.png": 0.5003730058670044,
  "test_0032.png": 0.5565171837806702,
  "test_0033.png": 0.6067096590995789,
  "test_0034.png": 0.4933021664619446,
  "test_0035.png": 0.5714402794837952,
  "test_0036.png": 0.5680481195449829,
  "test_0037.png": 0.5912933945655823,
  "test_0038.png": 0.5689318776130676,
  "test_0039.png": 0.5764343738555908,
  "test_0040.png": 0.5678444504737854,
  "test_0041.png": 0.574499785900116,
  "test_0042.png": 0.526759147644043,
  "test_0043.png": 0.46227532625198364,
  "test_0044.png": 0.4879780411720276,
  "test_0045.png": 0.46316999197006226,
  "test_0046.png": 0.45375537872314453,
  "test_0047.png": 0.5719494819641113,
  "test_0048.png": 0.4902465343475342,
  "test_0049.png": 0.6725533604621887,
  "test_0050.png": 0.5199206471443176,
  "test_0051.png": 0.5205318331718445,
  "test_0052.png": 0.5320366621017456,
  "test_0053.png": 0.46593594551086426,
  "test_0054.png": 0.4481009244918823,
  "test_0055.png": 0.6236940026283264,
  "test_0056.png": 0.5130509734153748,
  "test_0057.png": 0.5484191179275513,
  "test_0058.png": 0.4721599221229553,
  "test_0059.png": 0.6980077624320984,
  "test_0060.png": 0.5819348096847534,
  "test_0061.png": 0.45275720953941345,
  "test_0062.png": 0.4438123404979706,
  "test_0063.png": 0.3161748945713043,
  "test_0064.png": 0.35837522149086,
  "test_0065.png": 0.32783108949661255,
  "test_0066.png": 0.27428361773490906,
  "test_0067.png": 0.30501309037208557,
  "test_0068.png": 0.2606355845928192,
  "test_0069.png": 0.3230169713497162,
  "test_0070.png": 0.2950021028518677,
  "test_0071.png": 0.27004382014274597,
  "test_0072.png": 0.32229042053222656,
  "test_0073.png": 0.3301296830177307,
  "test_0074.png": 0.28074732422828674,
  "test_0075.png": 0.3092383146286011,
  "test_0076.png": 0.2654946744441986,
  "test_0077.png": 0.2843596637248993,
  "test_0078.png": 0.32639485597610474,
  "test_0079.png": 0.31368038058280945,
  "test_0080.png": 0.30449390411376953,
  "test_0081.png": 0.3019230365753174,
  "test_0082.png": 0.32459330558776855
}
