{
  "test_0000.png": 0.9243292212486267,
  "test_0001.png": 0.9149131774902344,
  "test_0002.png": 0.8665845990180969,
  "test_0003.png": 0.8973817229270935,
  "test_0004.png": 0.939555287361145,
  "test_0005.png": 0.8787308931350708,
  "test_0006.png": 0.7907016277313232,
  "test_0007.png": 0.879737913608551,
  "test_0008.png": 0.950488805770874,
  "test_0009.png": 0.9014952182769775,
  "test_0010.png": 0.9230968952178955,
  "test_0011.png": 0.9548923969268799,
  "test_0012.png": 0.9501340389251709,
  "test_0013.png": 0.9090244770050049,
  "test_0014.png": 0.8025761842727661,
  "test_0015.png": 0.9081147909164429,
  "test_0016.png": 0.89300936460495,
  "test_0017.png": 0.8493458032608032,
  "test_0018.png": 0.9061782360076904,
  "test_0019.png": 0.9522911906242371,
  "test_0020.png": 0.9423051476478577,
  "test_0021.png": 0.940805196762085,
  "test_0022.png": 0.9540767669677734,
  "test_0023.png": 0.9013273119926453,
  "test_0024.png": 0.9378660321235657,
  "test_0025.png": 0.9494996666908264,
  "test_0026.png": 0.9421189427375793,
  "test_0027.png": 0.849449098110199,
  "test_0028.png": 0.9663552641868591,
  "test_0029.png": 0.9273682236671448,
  "test_0030.png": 0.9537632465362549,
  "test_0031.png": 0.9665003418922424,
  "test_0032.png": 0.943716287612915,
  "test_0033.png": 0.9444766044616699,
  "test_0034.png": 0.9531927108764648,
  "test_0035.png": 0.9336225986480713,
  "test_0036.png": 0.237773135304451,
  "test_0037.png": 0.05719134211540222,
  "test_0038.png": 0.8135958909988403,
  "test_0039.png": 0.8188965916633606,
  "test_0040.png": 0.6099187731742859,
  "test_0041.png": 0.7871909737586975,
  "test_0042.png": 0.7847582101821899,
  "test_0043.png": 0.6303207278251648,
  "test_0044.png": 0.8101022243499756,
  "test_0045.png": 0.813949465751648,
  "test_0046.png": 0.4384895861148834,
  "test_0047.png": 0.32915404438972473,
  "test_0048.png": 0.8668854236602783,
  "test_0049.png": 0.8227959871292114,
  "test_0050.png": 0.8208486437797546,
  "test_0051.png": 0.7854871153831482,
  "test_0052.png": 0.3499239981174469,
  "test_0053.png": 0.455885112285614,
  "test_0054.png": 0.4183216094970703,
  "test_0055.png": 0.47162702679634094,
  "test_0056.png": 0.464311420917511,
  "test_0057.png": 0.2501223087310791,
  "test_0058.png": 0.6907011270523071,
  "test_0059.png": 0.4283090829849243,
  "test_0060.png": 0.42783573269844055,
  "test_0061.png": 0.28909915685653687,
  "test_0062.png": 0.2994934320449829,
  "test_0063.png": 0.40139785408973694,
  "test_0064.png": 0.9198060035705566,
  "test_0065.png": 0.7753997445106506,
  "test_0066.png": 0.9165135025978088,
  "test_0067.png": 0.9282037019729614,
  "test_0068.png": 0.950719952583313,
  "test_0069.png": 0.9310702085494995,
  "test_0070.png": 0.9374309182167053,
  "test_0071.png": 0.9483308792114258,
  "test_0072.png": 0.9551763534545898,
  "test_0073.png": 0.9463397264480591,
  "test_0074.png": 0.9357532262802124,
  "test_0075.png": 0.9525943994522095,
  "test_0076.png": 0.8984143137931824,
  "test_0077.png": 0.9486297965049744,
  "test_0078.png": 0.9558607339859009,
  "test_0079.png": 0.9329943060874939,
  "test_0080.png": 0.9249663352966309,
  "test_0081.png": 0.5067038536071777,
  "test_0082.png": 0.7892282605171204,
  "test_0083.png": 0.8814232349395752,
  "test_0084.png": 0.9245293736457825,
  "test_0085.png": 0.9472852349281311,
  "test_0086.png": 0.9614248871803284,
  "test_0087.png": 0.9420585036277771,
  "test_0088.png": 0.9470692276954651,
  "test_0089.png": 0.9418553113937378,
  "test_0090.png": 0.9215432405471802,
  "test_0091.png": 0.9620355367660522,
  "test_0092.png": 0.8975796699523926,
  "test_0093.png": 0.9357471466064453,
  "test_0094.png": 0.9476140737533569,
  "test_0095.png": 0.8751044869422913,
  "test_0096.png": 0.9036910533905029,
  "test_0097.png": 0.9086161851882935,
  "test_0098.png": 0.9440237283706665,
  "test_0099.png": 0.8701063990592957,
  "test_0100.png": 0.9124109745025635,
  "test_0101.png": 0.9128541946411133,
  "test_0102.png": 0.9242489337921143,
  "test_0103.png": 0.9544710516929626,
  "test_0104.png": 0.9491433501243591,
  "test_0105.png": 0.9308932423591614,
  "test_0106.png": 0.9464530348777771,
  "test_0107.png": 0.8111405372619629,
  "test_0108.png": 0.942069947719574,
  "test_0109.png": 0.891438901424408,
  "test_0110.png": 0.9402645826339722,
  "test_0111.png": 0.9487034678459167,
  "test_0112.png": 0.8454609513282776,
  "test_0113.png": 0.7424412965774536,
  "test_0114.png": 0.9106848835945129,
  "test_0115.png": 0.9507873058319092,
  "test_0116.png": 0.7749409675598145
}
