{
  "test_0000.png": 0.8549784421920776,
  "test_0001.png": 0.22203512489795685,
  "test_0002.png": 0.2382407933473587,
  "test_0003.png": 0.18176771700382233,
  "test_0004.png": 0.3682181239128113,
  "test_0005.png": 0.18161673843860626,
  "test_0006.png": 0.19244199991226196,
  "test_0007.png": 0.32459303736686707,
  "test_0008.png": 0.4711746871471405,
  "test_0009.png": 0.8067344427108765,
  "test_0010.png": 0.266276478767395,
  "test_0011.png": 0.37345197796821594,
  "test_0012.png": 0.25105568766593933,
  "test_0013.png": 0.07158902287483215,
  "test_0014.png": 0.22176186740398407,
  "test_0015.png": 0.23866766691207886,
  "test_0016.png": 0.3085409998893738,
  "test_0017.png": 0.24245400726795197,
  "test_0018.png": 0.17819152772426605,
  "test_0019.png": 0.7424808144569397,
  "test_0020.png": 0.1240214928984642,
  "test_0021.png": 0.8940190672874451,
  "test_0022.png": 0.18021513521671295,
  "test_0023.png": 0.2140585333108902,
  "test_0024.png": 0.08802292495965958,
  "test_0025.png": 0.20619939267635345,
  "test_0026.png": 0.16469106078147888,
  "test_0027.png": 0.7044511437416077,
  "test_0028.png": 0.22128023207187653,
  "test_0029.png": 0.40930044651031494,
  "test_0030.png": 0.6292464137077332,
  "test_0031.png": 0.3150131106376648,
  "test_0032.png": 0.3919205069541931,
  "test_0033.png": 0.248493492603302,
  "test_0034.png": 0.3223509192466736,
  "test_0035.png": 0.5854010581970215,
  "test_0036.png": 0.08256173133850098,
  "test_0037.png": 0.1447582244873047,
  "test_0038.png": 0.16690582036972046,
  "test_0039.png": 0.221959188580513,
  "test_0040.png": 0.18576107919216156,
  "test_0041.png": 0.16237035393714905,
  "test_0042.png": 0.19642962515354156,
  "test_0043.png": 0.20109710097312927,
  "test_0044.png": 0.23871269822120667,
  "test_0045.png": 0.2182677835226059,
  "test_0046.png": 0.0760631337761879,
  "test_0047.png": 0.04419918730854988,
  "test_0048.png": 0.21569985151290894,
  "test_0049.png": 0.26629015803337097,
  "test_0050.png": 0.16610988974571228,
  "test_0051.png": 0.2313982993364334,
  "test_0052.png": 0.07680521160364151,
  "test_0053.png": 0.10594893246889114,
  "test_0054.png": 0.1946655958890915,
  "test_0055.png": 0.053006138652563095,
  "test_0056.png": 0.0438486784696579,
  "test_0057.png": 0.09568386524915695,
  "test_0058.png": 0.01255486998707056,
  "test_0059.png": 0.05262560769915581,
  "test_0060.png": 0.06387510895729065,
  "test_0061.png": 0.0,
  "test_0062.png": 0.11805440485477448,
  "test_0063.png": 0.09131791442632675,
  "test_0064.png": 0.3079123795032501,
  "test_0065.png": 0.24375805258750916,
  "test_0066.png": 0.16737155616283417,
  "test_0067.png": 0.25194916129112244,
  "test_0068.png": 0.30280300974845886,
  "test_0069.png": 0.10348695516586304,
  "test_0070.png": 0.25350794196128845,
  "test_0071.png": 0.7141621708869934,
  "test_0072.png": 0.8506288528442383,
  "test_0073.png": 0.5866737365722656,
  "test_0074.png": 0.3508620262145996,
  "test_0075.png": 0.15486878156661987,
  "test_0076.png": 0.20197470486164093,
  "test_0077.png": 0.45026490092277527,
  "test_0078.png": 0.8236041069030762,
  "test_0079.png": 0.4000132083892822,
  "test_0080.png": 0.11550237238407135,
  "test_0081.png": 0.07261671870946884,
  "test_0082.png": 0.1979636698961258,
  "test_0083.png": 0.23060943186283112,
  "test_0084.png": 0.06414306908845901,
  "test_0085.png": 0.1172536090016365,
  "test_0086.png": 0.0644737109541893,
  "test_0087.png": 0.3918702006340027,
  "test_0088.png": 0.42043471336364746,
  "test_0089.png": 0.2595875859260559,
  "test_0090.png": 0.10551630705595016,
  "test_0091.png": 0.081123486161232,
  "test_0092.png": 0.12044662237167358,
  "test_0093.png": 0.14741796255111694,
  "test_0094.png": 0.10687332600355148,
  "test_0095.png": 0.14813444018363953,
  "test_0096.png": 0.10438310354948044,
  "test_0097.png": 0.14413489401340485,
  "test_0098.png": 0.39884379506111145,
  "test_0099.png": 0.29690876603126526,
  "test_0100.png": 0.2178095579147339,
  "test_0101.png": 0.2928226888179779,
  "test_0102.png": 0.8244799375534058,
  "test_0103.png": 0.4433901906013489,
  "test_0104.png": 0.8680846691131592,
  "test_0105.png": 0.930855929851532,
  "test_0106.png": 0.47392579913139343,
  "test_0107.png": 0.2731132209300995,
  "test_0108.png": 0.417510986328125,
  "test_0109.png": 0.2692531645298004,
  "test_0110.png": 0.678080141544342,
  "test_0111.png": 0.5547457933425903,
  "test_0112.png": 0.5373654365539551,
  "test_0113.png": 0.18717239797115326,
  "test_0114.png": 0.3195008933544159,
  "test_0115.png": 1.0,
  "test_0116.png": 0.1698511838912964
}
