{
  "test_0000.png": 0.5877814888954163,
  "test_0001.png": 0.5232297778129578,
  "test_0002.png": 0.3689159154891968,
  "test_0003.png": 0.45670127868652344,
  "test_0004.png": 0.5090145468711853,
  "test_0005.png": 0.34387490153312683,
  "test_0006.png": 0.39104163646698,
  "test_0007.png": 0.49411216378211975,
  "test_0008.png": 0.6111940145492554,
  "test_0009.png": 0.43822020292282104,
  "test_0010.png": 0.47666341066360474,
  "test_0011.png": 0.40412333607673645,
  "test_0012.png": 0.42846405506134033,
  "test_0013.png": 0.40227973461151123,
  "test_0014.png": 0.3649526834487915,
  "test_0015.png": 0.4392393231391907,
  "test_0016.png": 0.40210118889808655,
  "test_0017.png": 0.3085707128047943,
  "test_0018.png": 0.40294787287712097,
  "test_0019.png": 0.5693215131759644,
  "test_0020.png": 0.4933083951473236,
  "test_0021.png": 0.5702804327011108,
  "test_0022.png": 0.6016896963119507,
  "test_0023.png": 0.37306612730026245,
  "test_0024.png": 0.47565269470214844,
  "test_0025.png": 0.5794967412948608,
  "test_0026.png": 0.43253183364868164,
  "test_0027.png": 0.38002294301986694,
  "test_0028.png": 0.5245327949523926,
  "test_0029.png": 0.4917502701282501,
  "test_0030.png": 0.5217689871788025,
  "test_0031.png": 0.5949130058288574,
  "test_0032.png": 0.4610723853111267,
  "test_0033.png": 0.4538927972316742,
  "test_0034.png": 0.5997763872146606,
  "test_0035.png": 0.4062890112400055,
  "test_0036.png": 0.2525043487548828,
  "test_0037.png": 0.2881138026714325,
  "test_0038.png": 0.27671173214912415,
  "test_0039.png": 0.2844396233558655,
  "test_0040.png": 0.277847558259964,
  "test_0041.png": 0.30021631717681885,
  "test_0042.png": 0.3153795003890991,
  "test_0043.png": 0.3024374842643738,
  "test_0044.png": 0.28724920749664307,
  "test_0045.png": 0.3056029677391052,
  "test_0046.png": 0.27894413471221924,
  "test_0047.png": 0.2633413076400757,
  "test_0048.png": 0.2953912317752838,
  "test_0049.png": 0.2698887586593628,
  "test_0050.png": 0.29478803277015686,
  "test_0051.png": 0.2959151864051819,
  "test_0052.png": 0.288684606552124,
  "test_0053.png": 0.2622208297252655,
  "test_0054.png": 0.25990548729896545,
  "test_0055.png": 0.29833999276161194,
  "test_0056.png": 0.26361140608787537,
  "test_0057.png": 0.27422013878822327,
  "test_0058.png": 0.3160892128944397,
  "test_0059.png": 0.27935829758644104,
  "test_0060.png": 0.25903236865997314,
  "test_0061.png": 0.2700117528438568,
  "test_0062.png": 0.2955455482006073,
  "test_0063.png": 0.27722540497779846,
  "test_0064.png": 0.4700812101364136,
  "test_0065.png": 0.32082781195640564,
  "test_0066.png": 0.44075605273246765,
  "test_0067.png": 0.5248686671257019,
  "test_0068.png": 0.5248327255249023,
  "test_0069.png": 0.4777374565601349,
  "test_0070.png": 0.5217523574829102,
  "test_0071.png": 0.5638155937194824,
  "test_0072.png": 0.579693078994751,
  "test_0073.png": 0.5188069343566895,
  "test_0074.png": 0.5238129496574402,
  "test_0075.png": 0.5028135180473328,
  "test_0076.png": 0.45106545090675354,
  "test_0077.png": 0.48492246866226196,
  "test_0078.png": 0.5239453315734863,
  "test_0079.png": 0.4844386577606201,
  "test_0080.png": 0.3906491696834564,
  "test_0081.png": 0.2743947207927704,
  "test_0082.png": 0.3155171871185303,
  "test_0083.png": 0.4500694274902344,
  "test_0084.png": 0.4669370651245117,
  "test_0085.png": 0.5053737759590149,
  "test_0086.png": 0.5765933394432068,
  "test_0087.png": 0.5253626704216003,
  "test_0088.png": 0.5368930101394653,
  "test_0089.png": 0.5484945178031921,
  "test_0090.png": 0.4430146813392639,
  "test_0091.png": 0.5269590020179749,
  "test_0092.png": 0.4128258526325226,
  "test_0093.png": 0.42699509859085083,
  "test_0094.png": 0.44045647978782654,
  "test_0095.png": 0.34860315918922424,
  "test_0096.png": 0.43642130494117737,
  "test_0097.png": 0.47582799196243286,
  "test_0098.png": 0.5146677494049072,
  "test_0099.png": 0.35191869735717773,
  "test_0100.png": 0.4855037331581116,
  "test_0101.png": 0.4212726652622223,
  "test_0102.png": 0.47282952070236206,
  "test_0103.png": 0.5203191041946411,
  "test_0104.png": 0.4984677731990814,
  "test_0105.png": 0.4675312936306,
  "test_0106.png": 0.6112954020500183,
  "test_0107.png": 0.29750528931617737,
  "test_0108.png": 0.5178795456886292,
  "test_0109.png": 0.47171080112457275,
  "test_0110.png": 0.52484130859375,
  "test_0111.png": 0.5168983340263367,
  "test_0112.png": 0.3198374807834625,
  "test_0113.png": 0.3427390456199646,
  "test_0114.png": 0.4455089271068573,
  "test_0115.png": 0.5351520776748657,
  "test_0116.png": 0.2761397659778595
}
