{
  "test_0000.png": 23.57170295715332,
  "test_0001.png": 18.3039608001709,
  "test_0002.png": 16.71918487548828,
  "test_0003.png": 24.011093139648438,
  "test_0004.png": 16.435108184814453,
  "test_0005.png": 15.655878067016602,
  "test_0006.png": 16.551288604736328,
  "test_0007.png": 17.203189849853516,
  "test_0008.png": 19.154861450195312,
  "test_0009.png": 11.973018646240234,
  "test_0010.png": 16.594600677490234,
  "test_0011.png": 17.92119026184082,
  "test_0012.png": 19.37118911743164,
  "test_0013.png": 15.881658554077148,
  "test_0014.png": 14.815420150756836,
  "test_0015.png": 19.304828643798828,
  "test_0016.png": 21.4518985748291,
  "test_0017.png": 14.23270034790039,
  "test_0018.png": 17.268693923950195,
  "test_0019.png": 20.101268768310547,
  "test_0020.png": 5.177595138549805,
  "test_0021.png": 15.794008255004883,
  "test_0022.png": 11.576383590698242,
  "test_0023.png": 18.16486930847168,
  "test_0024.png": 21.128128051757812,
  "test_0025.png": 15.4905424118042,
  "test_0026.png": 17.584577560424805,
  "test_0027.png": 10.0474271774292,
  "test_0028.png": 12.106583595275879,
  "test_0029.png": 24.22236442565918,
  "test_0030.png": 17.04975128173828,
  "test_0031.png": 15.593999862670898,
  "test_0032.png": 22.993581771850586,
  "test_0033.png": 21.811317443847656,
  "test_0034.png": 8.137054443359375,
  "test_0035.png": 14.29566478729248,
  "test_0036.png": 15.635819435119629,
  "test_0037.png": 16.01803207397461,
  "test_0038.png": 23.379072189331055,
  "test_0039.png": 13.209546089172363,
  "test_0040.png": 20.222360610961914,
  "test_0041.png": 20.316144943237305,
  "test_0042.png": 12.704447746276855,
  "test_0043.png": 8.230501174926758,
  "test_0044.png": 7.010959148406982,
  "test_0045.png": 5.763424873352051,
  "test_0046.png": 7.286289215087891,
  "test_0047.png": 10.662026405334473,
  "test_0048.png": 12.910024642944336,
  "test_0049.png": 27.808124542236328,
  "test_0050.png": 8.589216232299805,
  "test_0051.png": 7.9614481925964355,
  "test_0052.png": 8.941267013549805,
  "test_0053.png": 6.784539699554443,
  "test_0054.png": 6.0614495277404785,
  "test_0055.png": 23.459152221679688,
  "test_0056.png": 13.9645414352417,
  "test_0057.png": 11.883007049560547,
  "test_0058.png": 7.810128688812256,
  "test_0059.png": 22.72711181640625,
  "test_0060.png": 18.76617431640625,
  "test_0061.png": 6.483157634735107,
  "test_0062.png": 5.967362880706787,
  "test_0063.png": 1.8179231882095337,
  "test_0064.png": 2.520212173461914,
  "test_0065.png": 2.138737201690674,
  "test_0066.png": 2.0690791606903076,
  "test_0067.png": 1.9686607122421265,
  "test_0068.png": 1.3880983591079712,
  "test_0069.png": 2.4905877113342285,
  "test_0070.png": 2.033561944961548,
  "test_0071.png": 1.4242535829544067,
  "test_0072.png": 1.6875044107437134,
  "test_0073.png": 2.165982484817505,
  "test_0074.png": 1.4065122604370117,
  "test_0075.png": 1.9631879329681396,
  "test_0076.png": 1.7073479890823364,
  "test_0077.png": 1.4493688344955444,
  "test_0078.png": 2.8975512981414795,
  "test_0079.png": 2.612896680831909,
  "test_0080.png": 2.9410881996154785,
  "test_0081.png": 2.0464887619018555,
  "test_0082.png": 2.254595994949341
}
