{
  "test_0000.png": 0.9866564869880676,
  "test_0001.png": 0.9863602519035339,
  "test_0002.png": 0.9861158132553101,
  "test_0003.png": 0.9870827794075012,
  "test_0004.png": 0.9863181114196777,
  "test_0005.png": 0.9862856268882751,
  "test_0006.png": 0.9871441125869751,
  "test_0007.png": 0.986225426197052,
  "test_0008.png": 0.9865652918815613,
  "test_0009.png": 0.9854559302330017,
  "test_0010.png": 0.9864193797111511,
  "test_0011.png": 0.98582524061203,
  "test_0012.png": 0.9864797592163086,
  "test_0013.png": 0.9859522581100464,
  "test_0014.png": 0.9857360124588013,
  "test_0015.png": 0.986297070980072,
  "test_0016.png": 0.9861603379249573,
  "test_0017.png": 0.9860494136810303,
  "test_0018.png": 0.9867340922355652,
  "test_0019.png": 0.9860068559646606,
  "test_0020.png": 0.9848222136497498,
  "test_0021.png": 0.9863870739936829,
  "test_0022.png": 0.9859760999679565,
  "test_0023.png": 0.9858647584915161,
  "test_0024.png": 0.9864826798439026,
  "test_0025.png": 0.9861983060836792,
  "test_0026.png": 0.9864405393600464,
  "test_0027.png": 0.9850730895996094,
  "test_0028.png": 0.9859959483146667,
  "test_0029.png": 0.9857945442199707,
  "test_0030.png": 0.9859458208084106,
  "test_0031.png": 0.9861617088317871,
  "test_0032.png": 0.9860744476318359,
  "test_0033.png": 0.9862143993377686,
  "test_0034.png": 0.9853618144989014,
  "test_0035.png": 0.9855254888534546,
  "test_0036.png": 0.9861220121383667,
  "test_0037.png": 0.9865000247955322,
  "test_0038.png": 0.986215353012085,
  "test_0039.png": 0.9863641262054443,
  "test_0040.png": 0.9865070581436157,
  "test_0041.png": 0.9864490628242493,
  "test_0042.png": 0.9856972694396973,
  "test_0043.png": 0.9840171933174133,
  "test_0044.png": 0.985080361366272,
  "test_0045.png": 0.984687089920044,
  "test_0046.png": 0.9849627017974854,
  "test_0047.png": 0.9862797260284424,
  "test_0048.png": 0.9847822189331055,
  "test_0049.png": 0.9884016513824463,
  "test_0050.png": 0.9852935671806335,
  "test_0051.png": 0.9843398928642273,
  "test_0052.png": 0.9853125810623169,
  "test_0053.png": 0.9842656254768372,
  "test_0054.png": 0.9829223155975342,
  "test_0055.png": 0.9877547025680542,
  "test_0056.png": 0.9877267479896545,
  "test_0057.png": 0.9859771132469177,
  "test_0058.png": 0.9833541512489319,
  "test_0059.png": 0.988461971282959,
  "test_0060.png": 0.9876446723937988,
  "test_0061.png": 0.9843647480010986,
  "test_0062.png": 0.9836311936378479,
  "test_0063.png": 0.9738166332244873,
  "test_0064.png": 0.9808014631271362,
  "test_0065.png": 0.977155327796936,
  "test_0066.png": 0.9720127582550049,
  "test_0067.png": 0.9707136750221252,
  "test_0068.png": 0.9702336192131042,
  "test_0069.png": 0.9737062454223633,
  "test_0070.png": 0.9735254049301147,
  "test_0071.png": 0.9791913628578186,
  "test_0072.png": 0.9599148631095886,
  "test_0073.png": 0.9757578372955322,
  "test_0074.png": 0.9653186798095703,
  "test_0075.png": 0.9721618890762329,
  "test_0076.png": 0.9762004613876343,
  "test_0077.png": 0.9643329381942749,
  "test_0078.png": 0.9781609773635864,
  "test_0079.png": 0.9778498411178589,
  "test_0080.png": 0.9776946902275085,
  "test_0081.png": 0.9715189933776855,
  "test_0082.png": 0.973662793636322
}
