{
  "test_0000.png": 0.9941182919279911,
  "test_0001.png": 0.9867038627010736,
  "test_0002.png": 0.9562328672152188,
  "test_0003.png": 0.9721849559727798,
  "test_0004.png": 0.9864189463665762,
  "test_0005.png": 0.9697454570897963,
  "test_0006.png": 0.9671328688394053,
  "test_0007.png": 0.9741585175516491,
  "test_0008.png": 0.9960519470397913,
  "test_0009.png": 0.9733875515599549,
  "test_0010.png": 0.98535423003087,
  "test_0011.png": 0.9722516125836045,
  "test_0012.png": 0.9767508587310616,
  "test_0013.png": 0.9773944701966566,
  "test_0014.png": 0.9466513155485012,
  "test_0015.png": 0.9707042283264686,
  "test_0016.png": 0.9625501426706886,
  "test_0017.png": 0.9145864670753707,
  "test_0018.png": 0.9718043782043555,
  "test_0019.png": 0.9948311200336165,
  "test_0020.png": 0.9882469150668569,
  "test_0021.png": 0.9906228196718045,
  "test_0022.png": 0.9925348708567654,
  "test_0023.png": 0.9821991028010546,
  "test_0024.png": 0.9778118551146171,
  "test_0025.png": 0.9939235425156231,
  "test_0026.png": 0.9846755312218484,
  "test_0027.png": 0.9895711615598639,
  "test_0028.png": 0.9954849547137019,
  "test_0029.png": 0.9891052965448479,
  "test_0030.png": 0.9939245050404233,
  "test_0031.png": 0.9956258134782051,
  "test_0032.png": 0.9925311134522736,
  "test_0033.png": 0.9881090024417216,
  "test_0034.png": 0.9955094257671103,
  "test_0035.png": 0.9880522321879199,
  "test_0036.png": 0.1712623661168176,
  "test_0037.png": 0.967919180103897,
  "test_0038.png": 0.3982620274391876,
  "test_0039.png": 0.5437953815695685,
  "test_0040.png": 0.7080296257240459,
  "test_0041.png": 0.768837940004061,
  "test_0042.png": 0.650778899121425,
  "test_0043.png": 0.7860662252865724,
  "test_0044.png": 0.6467175216774854,
  "test_0045.png": 0.6993922272224032,
  "test_0046.png": 0.522474765503567,
  "test_0047.png": 0.5150388061158724,
  "test_0048.png": 0.9076862860040292,
  "test_0049.png": 0.8916970818021634,
  "test_0050.png": 0.7772983937660495,
  "test_0051.png": 0.8152430132446842,
  "test_0052.png": 0.49553531292947856,
  "test_0053.png": 0.6521969619048102,
  "test_0054.png": 0.4893203484828732,
  "test_0055.png": 0.8600290593075837,
  "test_0056.png": 0.13761363094758527,
  "test_0057.png": 0.5439365092839642,
  "test_0058.png": 0.9376931178226977,
  "test_0059.png": 0.16818798929956413,
  "test_0060.png": 0.8977826930351286,
  "test_0061.png": 0.7172728204505582,
  "test_0062.png": 0.8970872608782678,
  "test_0063.png": 0.7328665521180353,
  "test_0064.png": 0.9815545933964835,
  "test_0065.png": 0.8899664724438385,
  "test_0066.png": 0.9824919686601337,
  "test_0067.png": 0.9851039125465197,
  "test_0068.png": 0.9876641538236905,
  "test_0069.png": 0.9901844603369259,
  "test_0070.png": 0.9898478788862648,
  "test_0071.png": 0.9905686862878536,
  "test_0072.png": 0.9915592121461367,
  "test_0073.png": 0.9895771569167304,
  "test_0074.png": 0.9881370195557084,
  "test_0075.png": 0.9855102927566682,
  "test_0076.png": 0.981455879565252,
  "test_0077.png": 0.9810676240143463,
  "test_0078.png": 0.9884739877832127,
  "test_0079.png": 0.9827140268015833,
  "test_0080.png": 0.9520512451197702,
  "test_0081.png": 0.25837548549167705,
  "test_0082.png": 0.8936824890124755,
  "test_0083.png": 0.9786451941339438,
  "test_0084.png": 0.987625533157493,
  "test_0085.png": 0.9939706107256525,
  "test_0086.png": 0.9949776397743184,
  "test_0087.png": 0.9943985909851198,
  "test_0088.png": 0.9961652472296804,
  "test_0089.png": 0.9955341821978344,
  "test_0090.png": 0.9794338641367584,
  "test_0091.png": 0.9941854954411604,
  "test_0092.png": 0.9793591758568647,
  "test_0093.png": 0.9867081919985673,
  "test_0094.png": 0.9744135867450651,
  "test_0095.png": 0.7702882645933407,
  "test_0096.png": 0.9824952542716539,
  "test_0097.png": 0.9851287660060851,
  "test_0098.png": 0.9934749274444067,
  "test_0099.png": 0.9827392786887241,
  "test_0100.png": 0.9906384700874364,
  "test_0101.png": 0.9856952621365731,
  "test_0102.png": 0.991905843661221,
  "test_0103.png": 0.9939389191825536,
  "test_0104.png": 0.9931605017694694,
  "test_0105.png": 0.9937577324004807,
  "test_0106.png": 0.996269337192764,
  "test_0107.png": 0.949786919529259,
  "test_0108.png": 0.9947077838314118,
  "test_0109.png": 0.9929260513167949,
  "test_0110.png": 0.9849762256145468,
  "test_0111.png": 0.9934345266493909,
  "test_0112.png": 0.9283569176053059,
  "test_0113.png": 0.9757495452938423,
  "test_0114.png": 0.9930930518832581,
  "test_0115.png": 0.9934929049900302,
  "test_0116.png": 0.8565876709407492
}
