{
  "test_0000.png": 0.9126649498939514,
  "test_0001.png": 0.9029502868652344,
  "test_0002.png": 0.9250099062919617,
  "test_0003.png": 0.9391444325447083,
  "test_0004.png": 0.8976038098335266,
  "test_0005.png": 0.9125849604606628,
  "test_0006.png": 0.9223570227622986,
  "test_0007.png": 0.9168798327445984,
  "test_0008.png": 0.9292781352996826,
  "test_0009.png": 0.8883095979690552,
  "test_0010.png": 0.9202030897140503,
  "test_0011.png": 0.8558123111724854,
  "test_0012.png": 0.9114086031913757,
  "test_0013.png": 0.9107710123062134,
  "test_0014.png": 0.9044156670570374,
  "test_0015.png": 0.9069958329200745,
  "test_0016.png": 0.9172495603561401,
  "test_0017.png": 0.9159132242202759,
  "test_0018.png": 0.8972585201263428,
  "test_0019.png": 0.9071102142333984,
  "test_0020.png": 0.6743614673614502,
  "test_0021.png": 0.8897436857223511,
  "test_0022.png": 0.8956311941146851,
  "test_0023.png": 0.8820502758026123,
  "test_0024.png": 0.9159970283508301,
  "test_0025.png": 0.8475708365440369,
  "test_0026.png": 0.9165726900100708,
  "test_0027.png": 0.837688148021698,
  "test_0028.png": 0.8790431022644043,
  "test_0029.png": 0.9022132754325867,
  "test_0030.png": 0.9148050546646118,
  "test_0031.png": 0.8690100908279419,
  "test_0032.png": 0.9126526117324829,
  "test_0033.png": 0.9115156531333923,
  "test_0034.png": 0.8139534592628479,
  "test_0035.png": 0.8981265425682068,
  "test_0036.png": 0.9142494797706604,
  "test_0037.png": 0.8960492014884949,
  "test_0038.png": 0.9246140122413635,
  "test_0039.png": 0.9123531579971313,
  "test_0040.png": 0.936842679977417,
  "test_0041.png": 0.9120205640792847,
  "test_0042.png": 0.873343288898468,
  "test_0043.png": 0.8200626969337463,
  "test_0044.png": 0.8508673906326294,
  "test_0045.png": 0.760647177696228,
  "test_0046.png": 0.7720668315887451,
  "test_0047.png": 0.9201489090919495,
  "test_0048.png": 0.8785095810890198,
  "test_0049.png": 0.9547201991081238,
  "test_0050.png": 0.8719337582588196,
  "test_0051.png": 0.8918047547340393,
  "test_0052.png": 0.9065365791320801,
  "test_0053.png": 0.832339882850647,
  "test_0054.png": 0.7724622488021851,
  "test_0055.png": 0.9449214935302734,
  "test_0056.png": 0.7751942873001099,
  "test_0057.png": 0.9153655767440796,
  "test_0058.png": 0.7916129231452942,
  "test_0059.png": 0.9523752927780151,
  "test_0060.png": 0.9112399816513062,
  "test_0061.png": 0.7377405762672424,
  "test_0062.png": 0.8178618550300598,
  "test_0063.png": 0.24427330493927002,
  "test_0064.png": 0.3329349756240845,
  "test_0065.png": 0.3833019435405731,
  "test_0066.png": 0.04291096702218056,
  "test_0067.png": 0.2121989130973816,
  "test_0068.png": 0.07209070771932602,
  "test_0069.png": 0.4678364396095276,
  "test_0070.png": 0.20511126518249512,
  "test_0071.png": 0.09694480895996094,
  "test_0072.png": 0.432913213968277,
  "test_0073.png": 0.32533878087997437,
  "test_0074.png": 0.1770412027835846,
  "test_0075.png": 0.2937491238117218,
  "test_0076.png": 0.06214749813079834,
  "test_0077.png": 0.10415103286504745,
  "test_0078.png": 0.42578229308128357,
  "test_0079.png": 0.34832578897476196,
  "test_0080.png": 0.2727885842323303,
  "test_0081.png": 0.3734545111656189,
  "test_0082.png": 0.347806453704834
}
