{
  "test_0000.png": 0.5319567322731018,
  "test_0001.png": 0.494121253490448,
  "test_0002.png": 0.42672330141067505,
  "test_0003.png": 0.47808632254600525,
  "test_0004.png": 0.5147517919540405,
  "test_0005.png": 0.4623776376247406,
  "test_0006.png": 0.4097258746623993,
  "test_0007.png": 0.47654810547828674,
  "test_0008.png": 0.5493691563606262,
  "test_0009.png": 0.47008591890335083,
  "test_0010.png": 0.4849092364311218,
  "test_0011.png": 0.4480879604816437,
  "test_0012.png": 0.5093735456466675,
  "test_0013.png": 0.5276585221290588,
  "test_0014.png": 0.42785757780075073,
  "test_0015.png": 0.5073667168617249,
  "test_0016.png": 0.4604884088039398,
  "test_0017.png": 0.4345565140247345,
  "test_0018.png": 0.48791179060935974,
  "test_0019.png": 0.6300030946731567,
  "test_0020.png": 0.5080381035804749,
  "test_0021.png": 0.57069331407547,
  "test_0022.png": 0.6056205630302429,
  "test_0023.png": 0.47111260890960693,
  "test_0024.png": 0.5194922089576721,
  "test_0025.png": 0.5710803270339966,
  "test_0026.png": 0.5056821703910828,
  "test_0027.png": 0.4626462161540985,
  "test_0028.png": 0.5719705820083618,
  "test_0029.png": 0.495715856552124,
  "test_0030.png": 0.5984238982200623,
  "test_0031.png": 0.6810446977615356,
  "test_0032.png": 0.542991578578949,
  "test_0033.png": 0.5259405374526978,
  "test_0034.png": 0.610457181930542,
  "test_0035.png": 0.4898808002471924,
  "test_0036.png": 0.3988192677497864,
  "test_0037.png": 0.4015367031097412,
  "test_0038.png": 0.3949282467365265,
  "test_0039.png": 0.41253116726875305,
  "test_0040.png": 0.40703797340393066,
  "test_0041.png": 0.3983822464942932,
  "test_0042.png": 0.43451958894729614,
  "test_0043.png": 0.39863038063049316,
  "test_0044.png": 0.40821850299835205,
  "test_0045.png": 0.41195204854011536,
  "test_0046.png": 0.3986548185348511,
  "test_0047.png": 0.3871590495109558,
  "test_0048.png": 0.41952893137931824,
  "test_0049.png": 0.39369773864746094,
  "test_0050.png": 0.4145282804965973,
  "test_0051.png": 0.4080200791358948,
  "test_0052.png": 0.39881882071495056,
  "test_0053.png": 0.38171565532684326,
  "test_0054.png": 0.40129905939102173,
  "test_0055.png": 0.4415992200374603,
  "test_0056.png": 0.40422019362449646,
  "test_0057.png": 0.4001787304878235,
  "test_0058.png": 0.42223384976387024,
  "test_0059.png": 0.4150208532810211,
  "test_0060.png": 0.39123135805130005,
  "test_0061.png": 0.4133025109767914,
  "test_0062.png": 0.3875420093536377,
  "test_0063.png": 0.3848651051521301,
  "test_0064.png": 0.5323644876480103,
  "test_0065.png": 0.41009142994880676,
  "test_0066.png": 0.5094836354255676,
  "test_0067.png": 0.5211964845657349,
  "test_0068.png": 0.576005756855011,
  "test_0069.png": 0.5789775252342224,
  "test_0070.png": 0.550851583480835,
  "test_0071.png": 0.6420319080352783,
  "test_0072.png": 0.6305069327354431,
  "test_0073.png": 0.6108322143554688,
  "test_0074.png": 0.5842260122299194,
  "test_0075.png": 0.5674167275428772,
  "test_0076.png": 0.48618999123573303,
  "test_0077.png": 0.56934654712677,
  "test_0078.png": 0.6297131180763245,
  "test_0079.png": 0.5379014015197754,
  "test_0080.png": 0.4920511245727539,
  "test_0081.png": 0.39562442898750305,
  "test_0082.png": 0.43239372968673706,
  "test_0083.png": 0.47076696157455444,
  "test_0084.png": 0.4999982416629791,
  "test_0085.png": 0.5259162783622742,
  "test_0086.png": 0.6128391027450562,
  "test_0087.png": 0.5623682737350464,
  "test_0088.png": 0.5661153197288513,
  "test_0089.png": 0.5599643588066101,
  "test_0090.png": 0.4914517104625702,
  "test_0091.png": 0.6156978607177734,
  "test_0092.png": 0.47906890511512756,
  "test_0093.png": 0.5289599299430847,
  "test_0094.png": 0.5222977995872498,
  "test_0095.png": 0.43822139501571655,
  "test_0096.png": 0.4905606210231781,
  "test_0097.png": 0.4708997309207916,
  "test_0098.png": 0.5875569581985474,
  "test_0099.png": 0.4440569579601288,
  "test_0100.png": 0.4687102138996124,
  "test_0101.png": 0.5155156254768372,
  "test_0102.png": 0.5365723371505737,
  "test_0103.png": 0.7295811772346497,
  "test_0104.png": 0.5937050580978394,
  "test_0105.png": 0.5501687526702881,
  "test_0106.png": 0.6598467230796814,
  "test_0107.png": 0.4479060769081116,
  "test_0108.png": 0.5697343945503235,
  "test_0109.png": 0.45928171277046204,
  "test_0110.png": 0.6192545890808105,
  "test_0111.png": 0.64531409740448,
  "test_0112.png": 0.4292585253715515,
  "test_0113.png": 0.3980658948421478,
  "test_0114.png": 0.5049177408218384,
  "test_0115.png": 0.6589945554733276,
  "test_0116.png": 0.39516979455947876
}
