{
  "test_0000.png": 0.5095153450965881,
  "test_0001.png": 0.46976688504219055,
  "test_0002.png": 0.5621411204338074,
  "test_0003.png": 0.49776551127433777,
  "test_0004.png": 0.5070366859436035,
  "test_0005.png": 0.45186060667037964,
  "test_0006.png": 0.503117024898529,
  "test_0007.png": 0.463885098695755,
  "test_0008.png": 0.47150281071662903,
  "test_0009.png": 0.28976970911026,
  "test_0010.png": 0.4800679087638855,
  "test_0011.png": 0.3476431965827942,
  "test_0012.png": 0.38158389925956726,
  "test_0013.png": 0.4808202385902405,
  "test_0014.png": 0.5025100111961365,
  "test_0015.png": 0.44164004921913147,
  "test_0016.png": 0.5063485503196716,
  "test_0017.png": 0.45964953303337097,
  "test_0018.png": 0.5289424061775208,
  "test_0019.png": 0.4553925693035126,
  "test_0020.png": 0.1587492972612381,
  "test_0021.png": 0.3651239275932312,
  "test_0022.png": 0.35267817974090576,
  "test_0023.png": 0.4746050536632538,
  "test_0024.png": 0.5447111129760742,
  "test_0025.png": 0.3317817449569702,
  "test_0026.png": 0.3287844657897949,
  "test_0027.png": 0.22179029881954193,
  "test_0028.png": 0.3018668591976166,
  "test_0029.png": 0.3372420370578766,
  "test_0030.png": 0.404911071062088,
  "test_0031.png": 0.28679051995277405,
  "test_0032.png": 0.5157967209815979,
  "test_0033.png": 0.3144320249557495,
  "test_0034.png": 0.2489912360906601,
  "test_0035.png": 0.3176940381526947,
  "test_0036.png": 0.3195110261440277,
  "test_0037.png": 0.46490561962127686,
  "test_0038.png": 0.6282135248184204,
  "test_0039.png": 0.47524628043174744,
  "test_0040.png": 0.45620402693748474,
  "test_0041.png": 0.3220836818218231,
  "test_0042.png": 0.4295727610588074,
  "test_0043.png": 0.2873642146587372,
  "test_0044.png": 0.2827827036380768,
  "test_0045.png": 0.1523461788892746,
  "test_0046.png": 0.20413589477539062,
  "test_0047.png": 0.6274051070213318,
  "test_0048.png": 0.4980206787586212,
  "test_0049.png": 0.7948589324951172,
  "test_0050.png": 0.48398855328559875,
  "test_0051.png": 0.435557097196579,
  "test_0052.png": 0.47953832149505615,
  "test_0053.png": 0.5502480268478394,
  "test_0054.png": 0.3555682599544525,
  "test_0055.png": 1.0,
  "test_0056.png": 0.24396981298923492,
  "test_0057.png": 0.4625609219074249,
  "test_0058.png": 0.3125162124633789,
  "test_0059.png": 0.9833632111549377,
  "test_0060.png": 0.5210801362991333,
  "test_0061.png": 0.1332729160785675,
  "test_0062.png": 0.34487658739089966,
  "test_0063.png": 0.030129242688417435,
  "test_0064.png": 0.02739642560482025,
  "test_0065.png": 0.04706396162509918,
  "test_0066.png": 0.0,
  "test_0067.png": 0.007146134972572327,
  "test_0068.png": 0.0019195772474631667,
  "test_0069.png": 0.1764407902956009,
  "test_0070.png": 0.051658619195222855,
  "test_0071.png": 0.0168254803866148,
  "test_0072.png": 0.03782803937792778,
  "test_0073.png": 0.06395285576581955,
  "test_0074.png": 0.013236944563686848,
  "test_0075.png": 0.03974569961428642,
  "test_0076.png": 0.006412511691451073,
  "test_0077.png": 0.0038310911040753126,
  "test_0078.png": 0.08045531809329987,
  "test_0079.png": 0.040109843015670776,
  "test_0080.png": 0.022699709981679916,
  "test_0081.png": 0.05664902925491333,
  "test_0082.png": 0.05074538663029671
}
