{
  "test_0000.png": 0.7744448184967041,
  "test_0001.png": 0.7987425923347473,
  "test_0002.png": 0.6671668887138367,
  "test_0003.png": 0.7915712594985962,
  "test_0004.png": 0.7886342406272888,
  "test_0005.png": 0.7853348851203918,
  "test_0006.png": 0.7957794666290283,
  "test_0007.png": 0.7924482226371765,
  "test_0008.png": 0.7931278944015503,
  "test_0009.png": 0.7894564867019653,
  "test_0010.png": 0.796438455581665,
  "test_0011.png": 0.7695898413658142,
  "test_0012.png": 0.7721652388572693,
  "test_0013.png": 0.7392020225524902,
  "test_0014.png": 0.7565096020698547,
  "test_0015.png": 0.7713251113891602,
  "test_0016.png": 0.7545469999313354,
  "test_0017.png": 0.6476879119873047,
  "test_0018.png": 0.7874936461448669,
  "test_0019.png": 0.7516540288925171,
  "test_0020.png": 0.6937578916549683,
  "test_0021.png": 0.7708829045295715,
  "test_0022.png": 0.7194908261299133,
  "test_0023.png": 0.6812777519226074,
  "test_0024.png": 0.7487443685531616,
  "test_0025.png": 0.7739788293838501,
  "test_0026.png": 0.7139360904693604,
  "test_0027.png": 0.5986777544021606,
  "test_0028.png": 0.7763530015945435,
  "test_0029.png": 0.7766829133033752,
  "test_0030.png": 0.7766793966293335,
  "test_0031.png": 0.7693585157394409,
  "test_0032.png": 0.7284380793571472,
  "test_0033.png": 0.783122718334198,
  "test_0034.png": 0.7702791094779968,
  "test_0035.png": 0.7326797842979431,
  "test_0036.png": 0.5842573046684265,
  "test_0037.png": 0.5882219672203064,
  "test_0038.png": 0.6012751460075378,
  "test_0039.png": 0.6124960780143738,
  "test_0040.png": 0.602280855178833,
  "test_0041.png": 0.6104556322097778,
  "test_0042.png": 0.6208301186561584,
  "test_0043.png": 0.606867253780365,
  "test_0044.png": 0.5993990898132324,
  "test_0045.png": 0.6013822555541992,
  "test_0046.png": 0.580570638179779,
  "test_0047.png": 0.5752920508384705,
  "test_0048.png": 0.6061616539955139,
  "test_0049.png": 0.5970948338508606,
  "test_0050.png": 0.621871829032898,
  "test_0051.png": 0.6114449501037598,
  "test_0052.png": 0.5743356943130493,
  "test_0053.png": 0.5826655626296997,
  "test_0054.png": 0.5825632214546204,
  "test_0055.png": 0.5944789052009583,
  "test_0056.png": 0.5742645263671875,
  "test_0057.png": 0.5931087136268616,
  "test_0058.png": 0.5848355889320374,
  "test_0059.png": 0.5669630169868469,
  "test_0060.png": 0.5835365653038025,
  "test_0061.png": 0.704613447189331,
  "test_0062.png": 0.5718408226966858,
  "test_0063.png": 0.5680598616600037,
  "test_0064.png": 0.7826859354972839,
  "test_0065.png": 0.6017052531242371,
  "test_0066.png": 0.7758041620254517,
  "test_0067.png": 0.7581202983856201,
  "test_0068.png": 0.7841575145721436,
  "test_0069.png": 0.7887203097343445,
  "test_0070.png": 0.7592931985855103,
  "test_0071.png": 0.7276226282119751,
  "test_0072.png": 0.7767856121063232,
  "test_0073.png": 0.7871740460395813,
  "test_0074.png": 0.7231777906417847,
  "test_0075.png": 0.777885377407074,
  "test_0076.png": 0.7490460872650146,
  "test_0077.png": 0.7489887475967407,
  "test_0078.png": 0.7403002381324768,
  "test_0079.png": 0.7605714201927185,
  "test_0080.png": 0.714711606502533,
  "test_0081.png": 0.5838773846626282,
  "test_0082.png": 0.7176014184951782,
  "test_0083.png": 0.7707757949829102,
  "test_0084.png": 0.7845878601074219,
  "test_0085.png": 0.76359623670578,
  "test_0086.png": 0.784155547618866,
  "test_0087.png": 0.7773107886314392,
  "test_0088.png": 0.7333964109420776,
  "test_0089.png": 0.7555485367774963,
  "test_0090.png": 0.7364159226417542,
  "test_0091.png": 0.7855039834976196,
  "test_0092.png": 0.7688134908676147,
  "test_0093.png": 0.7283192276954651,
  "test_0094.png": 0.777603805065155,
  "test_0095.png": 0.7752532958984375,
  "test_0096.png": 0.7508576512336731,
  "test_0097.png": 0.7828359603881836,
  "test_0098.png": 0.7811069488525391,
  "test_0099.png": 0.6989341974258423,
  "test_0100.png": 0.7730969190597534,
  "test_0101.png": 0.795040488243103,
  "test_0102.png": 0.7860674262046814,
  "test_0103.png": 0.7556838393211365,
  "test_0104.png": 0.686333954334259,
  "test_0105.png": 0.7819725275039673,
  "test_0106.png": 0.7814315557479858,
  "test_0107.png": 0.6041704416275024,
  "test_0108.png": 0.7851670384407043,
  "test_0109.png": 0.78355872631073,
  "test_0110.png": 0.7789186239242554,
  "test_0111.png": 0.7304123044013977,
  "test_0112.png": 0.7637327909469604,
  "test_0113.png": 0.7827098965644836,
  "test_0114.png": 0.7486026287078857,
  "test_0115.png": 0.6989847421646118,
  "test_0116.png": 0.7389815449714661
}
