{
  "test_0000.png": 22.12288475036621,
  "test_0001.png": 15.128573417663574,
  "test_0002.png": 7.9113450050354,
  "test_0003.png": 9.900408744812012,
  "test_0004.png": 11.695889472961426,
  "test_0005.png": 6.951396465301514,
  "test_0006.png": 8.611828804016113,
  "test_0007.png": 14.45336627960205,
  "test_0008.png": 23.246646881103516,
  "test_0009.png": 9.063364028930664,
  "test_0010.png": 12.350645065307617,
  "test_0011.png": 14.119444847106934,
  "test_0012.png": 9.974067687988281,
  "test_0013.png": 7.786628246307373,
  "test_0014.png": 8.41813850402832,
  "test_0015.png": 13.314312934875488,
  "test_0016.png": 9.425459861755371,
  "test_0017.png": 5.108719825744629,
  "test_0018.png": 7.055690765380859,
  "test_0019.png": 15.278103828430176,
  "test_0020.png": 15.203598022460938,
  "test_0021.png": 15.605781555175781,
  "test_0022.png": 21.70680809020996,
  "test_0023.png": 6.706932067871094,
  "test_0024.png": 11.304346084594727,
  "test_0025.png": 19.77814292907715,
  "test_0026.png": 12.298209190368652,
  "test_0027.png": 6.826101779937744,
  "test_0028.png": 19.031286239624023,
  "test_0029.png": 14.706244468688965,
  "test_0030.png": 17.220199584960938,
  "test_0031.png": 16.826475143432617,
  "test_0032.png": 15.30490779876709,
  "test_0033.png": 15.30175495147705,
  "test_0034.png": 22.750226974487305,
  "test_0035.png": 12.365385055541992,
  "test_0036.png": 1.8754147291183472,
  "test_0037.png": 2.0700442790985107,
  "test_0038.png": 4.325450897216797,
  "test_0039.png": 4.175639629364014,
  "test_0040.png": 2.971403121948242,
  "test_0041.png": 3.498657703399658,
  "test_0042.png": 4.209041118621826,
  "test_0043.png": 3.765058994293213,
  "test_0044.png": 4.150649547576904,
  "test_0045.png": 5.168622016906738,
  "test_0046.png": 2.2565627098083496,
  "test_0047.png": 1.835028052330017,
  "test_0048.png": 4.888548374176025,
  "test_0049.png": 3.823209762573242,
  "test_0050.png": 6.916465759277344,
  "test_0051.png": 5.526242733001709,
  "test_0052.png": 1.666957139968872,
  "test_0053.png": 2.364375591278076,
  "test_0054.png": 2.2482850551605225,
  "test_0055.png": 2.5621368885040283,
  "test_0056.png": 1.8639038801193237,
  "test_0057.png": 2.3448495864868164,
  "test_0058.png": 3.815086841583252,
  "test_0059.png": 1.7616785764694214,
  "test_0060.png": 2.5161232948303223,
  "test_0061.png": 2.109818458557129,
  "test_0062.png": 1.8093369007110596,
  "test_0063.png": 1.8168424367904663,
  "test_0064.png": 12.649055480957031,
  "test_0065.png": 5.782792568206787,
  "test_0066.png": 11.836873054504395,
  "test_0067.png": 15.066841125488281,
  "test_0068.png": 15.88116455078125,
  "test_0069.png": 14.079843521118164,
  "test_0070.png": 15.289332389831543,
  "test_0071.png": 18.02510643005371,
  "test_0072.png": 21.0402774810791,
  "test_0073.png": 12.879999160766602,
  "test_0074.png": 12.257740020751953,
  "test_0075.png": 13.19464111328125,
  "test_0076.png": 12.16377067565918,
  "test_0077.png": 10.505940437316895,
  "test_0078.png": 14.570876121520996,
  "test_0079.png": 9.738321304321289,
  "test_0080.png": 6.817176818847656,
  "test_0081.png": 2.1788289546966553,
  "test_0082.png": 5.485280513763428,
  "test_0083.png": 12.990470886230469,
  "test_0084.png": 10.56164836883545,
  "test_0085.png": 16.955915451049805,
  "test_0086.png": 18.294347763061523,
  "test_0087.png": 16.718103408813477,
  "test_0088.png": 15.992767333984375,
  "test_0089.png": 19.50626564025879,
  "test_0090.png": 8.10496711730957,
  "test_0091.png": 16.12596893310547,
  "test_0092.png": 9.239843368530273,
  "test_0093.png": 12.028352737426758,
  "test_0094.png": 11.763922691345215,
  "test_0095.png": 6.626681804656982,
  "test_0096.png": 12.824484825134277,
  "test_0097.png": 11.181907653808594,
  "test_0098.png": 14.596307754516602,
  "test_0099.png": 6.460546016693115,
  "test_0100.png": 15.782599449157715,
  "test_0101.png": 10.873198509216309,
  "test_0102.png": 12.727551460266113,
  "test_0103.png": 15.747122764587402,
  "test_0104.png": 16.351123809814453,
  "test_0105.png": 14.321344375610352,
  "test_0106.png": 19.151281356811523,
  "test_0107.png": 4.798947811126709,
  "test_0108.png": 16.02581214904785,
  "test_0109.png": 11.006327629089355,
  "test_0110.png": 11.945839881896973,
  "test_0111.png": 17.619123458862305,
  "test_0112.png": 3.9297611713409424,
  "test_0113.png": 8.607693672180176,
  "test_0114.png": 11.839832305908203,
  "test_0115.png": 15.860507011413574,
  "test_0116.png": 3.8753936290740967
}
