{
  "test_0000.png": 0.6404422521591187,
  "test_0001.png": 0.6384811997413635,
  "test_0002.png": 0.6671651601791382,
  "test_0003.png": 0.7047123908996582,
  "test_0004.png": 0.6561715602874756,
  "test_0005.png": 0.6089649796485901,
  "test_0006.png": 0.6487363576889038,
  "test_0007.png": 0.6484326720237732,
  "test_0008.png": 0.6408785581588745,
  "test_0009.png": 0.6053665280342102,
  "test_0010.png": 0.656000018119812,
  "test_0011.png": 0.5659310221672058,
  "test_0012.png": 0.6176362037658691,
  "test_0013.png": 0.6334904432296753,
  "test_0014.png": 0.6142274737358093,
  "test_0015.png": 0.6402220129966736,
  "test_0016.png": 0.6312642097473145,
  "test_0017.png": 0.6148507595062256,
  "test_0018.png": 0.6636332273483276,
  "test_0019.png": 0.6183544397354126,
  "test_0020.png": 0.44468405842781067,
  "test_0021.png": 0.5790776610374451,
  "test_0022.png": 0.5892542600631714,
  "test_0023.png": 0.6424257755279541,
  "test_0024.png": 0.6537868976593018,
  "test_0025.png": 0.5323916673660278,
  "test_0026.png": 0.5997514724731445,
  "test_0027.png": 0.5205358862876892,
  "test_0028.png": 0.558505117893219,
  "test_0029.png": 0.6172614693641663,
  "test_0030.png": 0.659557044506073,
  "test_0031.png": 0.555278480052948,
  "test_0032.png": 0.6100528836250305,
  "test_0033.png": 0.6146536469459534,
  "test_0034.png": 0.5074516534805298,
  "test_0035.png": 0.5536705851554871,
  "test_0036.png": 0.6025958061218262,
  "test_0037.png": 0.6337631940841675,
  "test_0038.png": 0.6699571013450623,
  "test_0039.png": 0.6295583844184875,
  "test_0040.png": 0.6435633301734924,
  "test_0041.png": 0.6057629585266113,
  "test_0042.png": 0.6060841679573059,
  "test_0043.png": 0.5434710383415222,
  "test_0044.png": 0.48825591802597046,
  "test_0045.png": 0.4030452370643616,
  "test_0046.png": 0.4297448992729187,
  "test_0047.png": 0.6614444851875305,
  "test_0048.png": 0.5975085496902466,
  "test_0049.png": 0.7222612500190735,
  "test_0050.png": 0.5959388613700867,
  "test_0051.png": 0.6043491363525391,
  "test_0052.png": 0.6155872941017151,
  "test_0053.png": 0.5211536884307861,
  "test_0054.png": 0.46497029066085815,
  "test_0055.png": 0.7688729763031006,
  "test_0056.png": 0.6099536418914795,
  "test_0057.png": 0.6838315725326538,
  "test_0058.png": 0.47551557421684265,
  "test_0059.png": 0.7377182841300964,
  "test_0060.png": 0.6016035676002502,
  "test_0061.png": 0.4005025327205658,
  "test_0062.png": 0.5092558264732361,
  "test_0063.png": 0.25870999693870544,
  "test_0064.png": 0.30364635586738586,
  "test_0065.png": 0.25802481174468994,
  "test_0066.png": 0.2392774522304535,
  "test_0067.png": 0.23499006032943726,
  "test_0068.png": 0.22352315485477448,
  "test_0069.png": 0.27026107907295227,
  "test_0070.png": 0.274234414100647,
  "test_0071.png": 0.2481124997138977,
  "test_0072.png": 0.27996504306793213,
  "test_0073.png": 0.2668333649635315,
  "test_0074.png": 0.25959986448287964,
  "test_0075.png": 0.24856311082839966,
  "test_0076.png": 0.21775969862937927,
  "test_0077.png": 0.2333650141954422,
  "test_0078.png": 0.27237004041671753,
  "test_0079.png": 0.2702895700931549,
  "test_0080.png": 0.25046834349632263,
  "test_0081.png": 0.30776575207710266,
  "test_0082.png": 0.27828526496887207
}
