{
  "test_0000.png": 0.9695792198181152,
  "test_0001.png": 0.9233052134513855,
  "test_0002.png": 0.6773742437362671,
  "test_0003.png": 0.9103571772575378,
  "test_0004.png": 0.9294180870056152,
  "test_0005.png": 0.6493797302246094,
  "test_0006.png": 0.654102623462677,
  "test_0007.png": 0.9092352390289307,
  "test_0008.png": 0.9747821092605591,
  "test_0009.png": 0.8015028238296509,
  "test_0010.png": 0.8754344582557678,
  "test_0011.png": 0.8870787620544434,
  "test_0012.png": 0.9139840006828308,
  "test_0013.png": 0.8852444291114807,
  "test_0014.png": 0.8301360607147217,
  "test_0015.png": 0.9365004301071167,
  "test_0016.png": 0.8701944947242737,
  "test_0017.png": 0.5643542408943176,
  "test_0018.png": 0.8392558097839355,
  "test_0019.png": 0.9856746196746826,
  "test_0020.png": 0.959598183631897,
  "test_0021.png": 0.9762738943099976,
  "test_0022.png": 0.9879442453384399,
  "test_0023.png": 0.7365857362747192,
  "test_0024.png": 0.9513595104217529,
  "test_0025.png": 0.9861646890640259,
  "test_0026.png": 0.9165619611740112,
  "test_0027.png": 0.7919285297393799,
  "test_0028.png": 0.9806773662567139,
  "test_0029.png": 0.9586003422737122,
  "test_0030.png": 0.9793259501457214,
  "test_0031.png": 0.9902021884918213,
  "test_0032.png": 0.958923876285553,
  "test_0033.png": 0.9354560971260071,
  "test_0034.png": 0.9898282885551453,
  "test_0035.png": 0.9099821448326111,
  "test_0036.png": 0.2281232476234436,
  "test_0037.png": 0.43805837631225586,
  "test_0038.png": 0.3520677089691162,
  "test_0039.png": 0.38969123363494873,
  "test_0040.png": 0.36241376399993896,
  "test_0041.png": 0.483171284198761,
  "test_0042.png": 0.5926898717880249,
  "test_0043.png": 0.47961628437042236,
  "test_0044.png": 0.4278889298439026,
  "test_0045.png": 0.5588603615760803,
  "test_0046.png": 0.3373981714248657,
  "test_0047.png": 0.21857845783233643,
  "test_0048.png": 0.45468586683273315,
  "test_0049.png": 0.3135431408882141,
  "test_0050.png": 0.507937490940094,
  "test_0051.png": 0.46701258420944214,
  "test_0052.png": 0.36834609508514404,
  "test_0053.png": 0.2540329694747925,
  "test_0054.png": 0.18492412567138672,
  "test_0055.png": 0.5412060618400574,
  "test_0056.png": 0.22964757680892944,
  "test_0057.png": 0.3527396321296692,
  "test_0058.png": 0.5576286315917969,
  "test_0059.png": 0.4306422472000122,
  "test_0060.png": 0.35704338550567627,
  "test_0061.png": 0.29808253049850464,
  "test_0062.png": 0.5446181297302246,
  "test_0063.png": 0.30263257026672363,
  "test_0064.png": 0.9533364176750183,
  "test_0065.png": 0.6127051115036011,
  "test_0066.png": 0.907180666923523,
  "test_0067.png": 0.9751966595649719,
  "test_0068.png": 0.9746870994567871,
  "test_0069.png": 0.9497706890106201,
  "test_0070.png": 0.9717403650283813,
  "test_0071.png": 0.989780604839325,
  "test_0072.png": 0.9876593947410583,
  "test_0073.png": 0.9605183005332947,
  "test_0074.png": 0.9738757014274597,
  "test_0075.png": 0.9615013599395752,
  "test_0076.png": 0.9254392385482788,
  "test_0077.png": 0.9506386518478394,
  "test_0078.png": 0.9751629829406738,
  "test_0079.png": 0.9491439461708069,
  "test_0080.png": 0.8244619965553284,
  "test_0081.png": 0.2702983617782593,
  "test_0082.png": 0.6642928123474121,
  "test_0083.png": 0.9424556493759155,
  "test_0084.png": 0.9562987089157104,
  "test_0085.png": 0.9788021445274353,
  "test_0086.png": 0.9883647561073303,
  "test_0087.png": 0.9779500365257263,
  "test_0088.png": 0.9760366082191467,
  "test_0089.png": 0.9812246561050415,
  "test_0090.png": 0.9177535176277161,
  "test_0091.png": 0.9800572991371155,
  "test_0092.png": 0.8956570029258728,
  "test_0093.png": 0.9507322907447815,
  "test_0094.png": 0.9351140856742859,
  "test_0095.png": 0.7322739362716675,
  "test_0096.png": 0.9268292784690857,
  "test_0097.png": 0.9671981930732727,
  "test_0098.png": 0.9780023694038391,
  "test_0099.png": 0.8085684776306152,
  "test_0100.png": 0.9681744575500488,
  "test_0101.png": 0.9109415411949158,
  "test_0102.png": 0.9587934613227844,
  "test_0103.png": 0.9716434478759766,
  "test_0104.png": 0.9518252611160278,
  "test_0105.png": 0.9556514024734497,
  "test_0106.png": 0.9905516505241394,
  "test_0107.png": 0.5911465883255005,
  "test_0108.png": 0.9716010093688965,
  "test_0109.png": 0.956782877445221,
  "test_0110.png": 0.9752069711685181,
  "test_0111.png": 0.9474005103111267,
  "test_0112.png": 0.6991536617279053,
  "test_0113.png": 0.6957077383995056,
  "test_0114.png": 0.9138748645782471,
  "test_0115.png": 0.9653914570808411,
  "test_0116.png": 0.3660779595375061
}
