{
  "test_0000.png": 67.55204772949219,
  "test_0001.png": 63.51556396484375,
  "test_0002.png": 61.55263137817383,
  "test_0003.png": 73.26895141601562,
  "test_0004.png": 60.61800765991211,
  "test_0005.png": 67.09569549560547,
  "test_0006.png": 69.8669662475586,
  "test_0007.png": 63.68392562866211,
  "test_0008.png": 59.546207427978516,
  "test_0009.png": 56.17816162109375,
  "test_0010.png": 56.016929626464844,
  "test_0011.png": 47.836509704589844,
  "test_0012.png": 64.64901733398438,
  "test_0013.png": 61.38929748535156,
  "test_0014.png": 61.545284271240234,
  "test_0015.png": 65.97777557373047,
  "test_0016.png": 63.24385070800781,
  "test_0017.png": 60.06696701049805,
  "test_0018.png": 53.457984924316406,
  "test_0019.png": 56.44932556152344,
  "test_0020.png": 48.22698974609375,
  "test_0021.png": 59.07750701904297,
  "test_0022.png": 49.743804931640625,
  "test_0023.png": 52.71624755859375,
  "test_0024.png": 61.438316345214844,
  "test_0025.png": 55.90147018432617,
  "test_0026.png": 52.26361846923828,
  "test_0027.png": 47.78289794921875,
  "test_0028.png": 58.97298812866211,
  "test_0029.png": 65.51821899414062,
  "test_0030.png": 62.46721267700195,
  "test_0031.png": 56.22453308105469,
  "test_0032.png": 61.90839385986328,
  "test_0033.png": 62.567691802978516,
  "test_0034.png": 44.91066360473633,
  "test_0035.png": 54.52592086791992,
  "test_0036.png": 65.69656372070312,
  "test_0037.png": 56.134490966796875,
  "test_0038.png": 59.13840866088867,
  "test_0039.png": 55.67620849609375,
  "test_0040.png": 68.29591369628906,
  "test_0041.png": 68.52072143554688,
  "test_0042.png": 55.58534240722656,
  "test_0043.png": 39.078311920166016,
  "test_0044.png": 46.8446159362793,
  "test_0045.png": 36.5633544921875,
  "test_0046.png": 42.60886764526367,
  "test_0047.png": 68.48613739013672,
  "test_0048.png": 61.267208099365234,
  "test_0049.png": 113.43473815917969,
  "test_0050.png": 69.6060791015625,
  "test_0051.png": 55.56097412109375,
  "test_0052.png": 69.41394805908203,
  "test_0053.png": 47.086029052734375,
  "test_0054.png": 43.96158981323242,
  "test_0055.png": 87.67527770996094,
  "test_0056.png": 74.5098648071289,
  "test_0057.png": 46.16500473022461,
  "test_0058.png": 45.35193634033203,
  "test_0059.png": 108.66535186767578,
  "test_0060.png": 73.42060852050781,
  "test_0061.png": 29.675615310668945,
  "test_0062.png": 41.680877685546875,
  "test_0063.png": 16.43838119506836,
  "test_0064.png": 27.559688568115234,
  "test_0065.png": 18.210079193115234,
  "test_0066.png": 13.801370620727539,
  "test_0067.png": 17.05170440673828,
  "test_0068.png": 13.540843963623047,
  "test_0069.png": 20.207387924194336,
  "test_0070.png": 14.600495338439941,
  "test_0071.png": 13.673100471496582,
  "test_0072.png": 16.141681671142578,
  "test_0073.png": 19.731409072875977,
  "test_0074.png": 15.251113891601562,
  "test_0075.png": 16.518911361694336,
  "test_0076.png": 12.370314598083496,
  "test_0077.png": 12.35590934753418,
  "test_0078.png": 27.57753562927246,
  "test_0079.png": 26.645301818847656,
  "test_0080.png": 18.06032371520996,
  "test_0081.png": 18.353464126586914,
  "test_0082.png": 20.262359619140625
}
