{
  "test_0000.png": 0.769344687461853,
  "test_0001.png": 0.6608656644821167,
  "test_0002.png": 0.6087324619293213,
  "test_0003.png": 0.6436541080474854,
  "test_0004.png": 0.7354706525802612,
  "test_0005.png": 0.6648059487342834,
  "test_0006.png": 0.5701240301132202,
  "test_0007.png": 0.644255518913269,
  "test_0008.png": 0.7856953740119934,
  "test_0009.png": 0.6730576157569885,
  "test_0010.png": 0.6753914952278137,
  "test_0011.png": 0.6977320313453674,
  "test_0012.png": 0.7656799554824829,
  "test_0013.png": 0.6148878931999207,
  "test_0014.png": 0.5832247734069824,
  "test_0015.png": 0.69307541847229,
  "test_0016.png": 0.6492983102798462,
  "test_0017.png": 0.6013067364692688,
  "test_0018.png": 0.6750694513320923,
  "test_0019.png": 0.8428731560707092,
  "test_0020.png": 0.7499279379844666,
  "test_0021.png": 0.7729989886283875,
  "test_0022.png": 0.8664161562919617,
  "test_0023.png": 0.674699068069458,
  "test_0024.png": 0.7601233720779419,
  "test_0025.png": 0.8213000297546387,
  "test_0026.png": 0.730181097984314,
  "test_0027.png": 0.6354007720947266,
  "test_0028.png": 0.8358455300331116,
  "test_0029.png": 0.7069057822227478,
  "test_0030.png": 0.820689857006073,
  "test_0031.png": 0.8899837136268616,
  "test_0032.png": 0.776887059211731,
  "test_0033.png": 0.7683054208755493,
  "test_0034.png": 0.8850913047790527,
  "test_0035.png": 0.7127561569213867,
  "test_0036.png": 0.469272643327713,
  "test_0037.png": 0.49651041626930237,
  "test_0038.png": 0.49027031660079956,
  "test_0039.png": 0.5204600691795349,
  "test_0040.png": 0.5189488530158997,
  "test_0041.png": 0.5079261064529419,
  "test_0042.png": 0.48295703530311584,
  "test_0043.png": 0.5144235491752625,
  "test_0044.png": 0.4927156865596771,
  "test_0045.png": 0.4993938207626343,
  "test_0046.png": 0.4979924261569977,
  "test_0047.png": 0.5104187726974487,
  "test_0048.png": 0.5146228671073914,
  "test_0049.png": 0.489113986492157,
  "test_0050.png": 0.5362973809242249,
  "test_0051.png": 0.5141233205795288,
  "test_0052.png": 0.47872188687324524,
  "test_0053.png": 0.4684087038040161,
  "test_0054.png": 0.5046423673629761,
  "test_0055.png": 0.48241642117500305,
  "test_0056.png": 0.4702765643596649,
  "test_0057.png": 0.4719085395336151,
  "test_0058.png": 0.4906449615955353,
  "test_0059.png": 0.5121086239814758,
  "test_0060.png": 0.4666101336479187,
  "test_0061.png": 0.48700815439224243,
  "test_0062.png": 0.47667571902275085,
  "test_0063.png": 0.4662173092365265,
  "test_0064.png": 0.7306100726127625,
  "test_0065.png": 0.5571372509002686,
  "test_0066.png": 0.7404415607452393,
  "test_0067.png": 0.737554669380188,
  "test_0068.png": 0.8085583448410034,
  "test_0069.png": 0.7809460163116455,
  "test_0070.png": 0.812766432762146,
  "test_0071.png": 0.85997474193573,
  "test_0072.png": 0.875675618648529,
  "test_0073.png": 0.8019275069236755,
  "test_0074.png": 0.8039034008979797,
  "test_0075.png": 0.8283448219299316,
  "test_0076.png": 0.6851056218147278,
  "test_0077.png": 0.8110634088516235,
  "test_0078.png": 0.8656055927276611,
  "test_0079.png": 0.793377161026001,
  "test_0080.png": 0.7167458534240723,
  "test_0081.png": 0.5006347894668579,
  "test_0082.png": 0.566929042339325,
  "test_0083.png": 0.6792230010032654,
  "test_0084.png": 0.7223234176635742,
  "test_0085.png": 0.7970009446144104,
  "test_0086.png": 0.871263325214386,
  "test_0087.png": 0.8010023832321167,
  "test_0088.png": 0.8222569227218628,
  "test_0089.png": 0.7558056712150574,
  "test_0090.png": 0.7260696291923523,
  "test_0091.png": 0.8594828844070435,
  "test_0092.png": 0.6681665182113647,
  "test_0093.png": 0.8037123680114746,
  "test_0094.png": 0.7915927171707153,
  "test_0095.png": 0.6438992023468018,
  "test_0096.png": 0.6796216368675232,
  "test_0097.png": 0.681169867515564,
  "test_0098.png": 0.8283795118331909,
  "test_0099.png": 0.6229343414306641,
  "test_0100.png": 0.6916626691818237,
  "test_0101.png": 0.6977141499519348,
  "test_0102.png": 0.7615387439727783,
  "test_0103.png": 0.835634171962738,
  "test_0104.png": 0.7705597281455994,
  "test_0105.png": 0.7598085999488831,
  "test_0106.png": 0.8529479503631592,
  "test_0107.png": 0.5157350301742554,
  "test_0108.png": 0.8007583022117615,
  "test_0109.png": 0.6732240915298462,
  "test_0110.png": 0.866098165512085,
  "test_0111.png": 0.8471887707710266,
  "test_0112.png": 0.6323608160018921,
  "test_0113.png": 0.5346358418464661,
  "test_0114.png": 0.7211524248123169,
  "test_0115.png": 0.8291322588920593,
  "test_0116.png": 0.5657153725624084
}
