{
  "test_0000.png": 0.21996520459651947,
  "test_0001.png": 0.19325284659862518,
  "test_0002.png": 0.138567715883255,
  "test_0003.png": 0.19679272174835205,
  "test_0004.png": 0.18514899909496307,
  "test_0005.png": 0.1415431946516037,
  "test_0006.png": 0.12903204560279846,
  "test_0007.png": 0.19609445333480835,
  "test_0008.png": 0.22794413566589355,
  "test_0009.png": 0.1503053903579712,
  "test_0010.png": 0.16593632102012634,
  "test_0011.png": 0.20519152283668518,
  "test_0012.png": 0.21374937891960144,
  "test_0013.png": 0.19859060645103455,
  "test_0014.png": 0.17818427085876465,
  "test_0015.png": 0.21097226440906525,
  "test_0016.png": 0.18401393294334412,
  "test_0017.png": 0.12237539887428284,
  "test_0018.png": 0.1798563301563263,
  "test_0019.png": 0.25903213024139404,
  "test_0020.png": 0.220667764544487,
  "test_0021.png": 0.2457766979932785,
  "test_0022.png": 0.26234206557273865,
  "test_0023.png": 0.14592522382736206,
  "test_0024.png": 0.2188975065946579,
  "test_0025.png": 0.25133535265922546,
  "test_0026.png": 0.19961929321289062,
  "test_0027.png": 0.15613217651844025,
  "test_0028.png": 0.24924805760383606,
  "test_0029.png": 0.21094895899295807,
  "test_0030.png": 0.24454206228256226,
  "test_0031.png": 0.2655557692050934,
  "test_0032.png": 0.22766537964344025,
  "test_0033.png": 0.2142794132232666,
  "test_0034.png": 0.26824769377708435,
  "test_0035.png": 0.19733752310276031,
  "test_0036.png": 0.0887647420167923,
  "test_0037.png": 0.10141179710626602,
  "test_0038.png": 0.0996689647436142,
  "test_0039.png": 0.10281510651111603,
  "test_0040.png": 0.10194798558950424,
  "test_0041.png": 0.10332974791526794,
  "test_0042.png": 0.10617560148239136,
  "test_0043.png": 0.09935969114303589,
  "test_0044.png": 0.11348259449005127,
  "test_0045.png": 0.1031738892197609,
  "test_0046.png": 0.09737630188465118,
  "test_0047.png": 0.09449494630098343,
  "test_0048.png": 0.10060811787843704,
  "test_0049.png": 0.09537585079669952,
  "test_0050.png": 0.10879088938236237,
  "test_0051.png": 0.10416660457849503,
  "test_0052.png": 0.09765009582042694,
  "test_0053.png": 0.09472249448299408,
  "test_0054.png": 0.09575553238391876,
  "test_0055.png": 0.11203960329294205,
  "test_0056.png": 0.09186235070228577,
  "test_0057.png": 0.1021803542971611,
  "test_0058.png": 0.12003369629383087,
  "test_0059.png": 0.09629996120929718,
  "test_0060.png": 0.09414560347795486,
  "test_0061.png": 0.09648697078227997,
  "test_0062.png": 0.1153421550989151,
  "test_0063.png": 0.0983583852648735,
  "test_0064.png": 0.21563869714736938,
  "test_0065.png": 0.13389435410499573,
  "test_0066.png": 0.2001935839653015,
  "test_0067.png": 0.21472056210041046,
  "test_0068.png": 0.24384334683418274,
  "test_0069.png": 0.22055025398731232,
  "test_0070.png": 0.2324984222650528,
  "test_0071.png": 0.2548680603504181,
  "test_0072.png": 0.25473690032958984,
  "test_0073.png": 0.2117450088262558,
  "test_0074.png": 0.2152635157108307,
  "test_0075.png": 0.20942506194114685,
  "test_0076.png": 0.2081369161605835,
  "test_0077.png": 0.21123038232326508,
  "test_0078.png": 0.22407357394695282,
  "test_0079.png": 0.21640543639659882,
  "test_0080.png": 0.17994560301303864,
  "test_0081.png": 0.1099984422326088,
  "test_0082.png": 0.1462821662425995,
  "test_0083.png": 0.21294260025024414,
  "test_0084.png": 0.23478524386882782,
  "test_0085.png": 0.2549011707305908,
  "test_0086.png": 0.25120124220848083,
  "test_0087.png": 0.26457786560058594,
  "test_0088.png": 0.24253763258457184,
  "test_0089.png": 0.25595730543136597,
  "test_0090.png": 0.19883805513381958,
  "test_0091.png": 0.25834086537361145,
  "test_0092.png": 0.1933596134185791,
  "test_0093.png": 0.226261168718338,
  "test_0094.png": 0.2161206156015396,
  "test_0095.png": 0.16119273006916046,
  "test_0096.png": 0.2096737027168274,
  "test_0097.png": 0.2356150895357132,
  "test_0098.png": 0.23394174873828888,
  "test_0099.png": 0.17640605568885803,
  "test_0100.png": 0.23234525322914124,
  "test_0101.png": 0.18781903386116028,
  "test_0102.png": 0.22198516130447388,
  "test_0103.png": 0.24439750611782074,
  "test_0104.png": 0.22268755733966827,
  "test_0105.png": 0.23151545226573944,
  "test_0106.png": 0.26778945326805115,
  "test_0107.png": 0.12375346571207047,
  "test_0108.png": 0.23464038968086243,
  "test_0109.png": 0.21721725165843964,
  "test_0110.png": 0.23588937520980835,
  "test_0111.png": 0.22015690803527832,
  "test_0112.png": 0.1606977880001068,
  "test_0113.png": 0.13714256882667542,
  "test_0114.png": 0.19616149365901947,
  "test_0115.png": 0.23474448919296265,
  "test_0116.png": 0.10328938812017441
}
