{
  "test_0000.png": 0.15914638340473175,
  "test_0001.png": 0.15832939743995667,
  "test_0002.png": 0.1736932396888733,
  "test_0003.png": 0.17401884496212006,
  "test_0004.png": 0.18495683372020721,
  "test_0005.png": 0.159818634390831,
  "test_0006.png": 0.17993706464767456,
  "test_0007.png": 0.14155827462673187,
  "test_0008.png": 0.17940664291381836,
  "test_0009.png": 0.14681987464427948,
  "test_0010.png": 0.17140838503837585,
  "test_0011.png": 0.13826344907283783,
  "test_0012.png": 0.16423332691192627,
  "test_0013.png": 0.1637759506702423,
  "test_0014.png": 0.1466047167778015,
  "test_0015.png": 0.1724463254213333,
  "test_0016.png": 0.17539362609386444,
  "test_0017.png": 0.1781088262796402,
  "test_0018.png": 0.15508517622947693,
  "test_0019.png": 0.15954051911830902,
  "test_0020.png": 0.09365490078926086,
  "test_0021.png": 0.16984927654266357,
  "test_0022.png": 0.1834484338760376,
  "test_0023.png": 0.14375831186771393,
  "test_0024.png": 0.17580172419548035,
  "test_0025.png": 0.1009371355175972,
  "test_0026.png": 0.1519610732793808,
  "test_0027.png": 0.13338229060173035,
  "test_0028.png": 0.12217793613672256,
  "test_0029.png": 0.14402933418750763,
  "test_0030.png": 0.17401966452598572,
  "test_0031.png": 0.1220887154340744,
  "test_0032.png": 0.16474829614162445,
  "test_0033.png": 0.1636679619550705,
  "test_0034.png": 0.12069052457809448,
  "test_0035.png": 0.1426846832036972,
  "test_0036.png": 0.16085395216941833,
  "test_0037.png": 0.1743197739124298,
  "test_0038.png": 0.17878654599189758,
  "test_0039.png": 0.17989765107631683,
  "test_0040.png": 0.1801440268754959,
  "test_0041.png": 0.16263850033283234,
  "test_0042.png": 0.15885594487190247,
  "test_0043.png": 0.11642120778560638,
  "test_0044.png": 0.10790538042783737,
  "test_0045.png": 0.08443580567836761,
  "test_0046.png": 0.09262922406196594,
  "test_0047.png": 0.23204714059829712,
  "test_0048.png": 0.14734315872192383,
  "test_0049.png": 0.24748659133911133,
  "test_0050.png": 0.14297594130039215,
  "test_0051.png": 0.15800616145133972,
  "test_0052.png": 0.1515122950077057,
  "test_0053.png": 0.11314119398593903,
  "test_0054.png": 0.1193544790148735,
  "test_0055.png": 0.1990552544593811,
  "test_0056.png": 0.13785500824451447,
  "test_0057.png": 0.19323651492595673,
  "test_0058.png": 0.11330588907003403,
  "test_0059.png": 0.19684986770153046,
  "test_0060.png": 0.16529589891433716,
  "test_0061.png": 0.08981572836637497,
  "test_0062.png": 0.1276853084564209,
  "test_0063.png": 0.03360087424516678,
  "test_0064.png": 0.0440886914730072,
  "test_0065.png": 0.039387382566928864,
  "test_0066.png": 0.03095785155892372,
  "test_0067.png": 0.029263457283377647,
  "test_0068.png": 0.026636216789484024,
  "test_0069.png": 0.04002038389444351,
  "test_0070.png": 0.03331247717142105,
  "test_0071.png": 0.031309232115745544,
  "test_0072.png": 0.0344974622130394,
  "test_0073.png": 0.030650241300463676,
  "test_0074.png": 0.03093213587999344,
  "test_0075.png": 0.03376556187868118,
  "test_0076.png": 0.029425276443362236,
  "test_0077.png": 0.029689354822039604,
  "test_0078.png": 0.03300219401717186,
  "test_0079.png": 0.034268565475940704,
  "test_0080.png": 0.03749965503811836,
  "test_0081.png": 0.03420303761959076,
  "test_0082.png": 0.037800729274749756
}
