{
  "test_0000.png": 0.9999727919241842,
  "test_0001.png": 0.9970333825274814,
  "test_0002.png": 0.8438347948941989,
  "test_0003.png": 0.9918246724380508,
  "test_0004.png": 0.9995605680389182,
  "test_0005.png": 0.7792326421174276,
  "test_0006.png": 0.8196754108131127,
  "test_0007.png": 0.9943860552782251,
  "test_0008.png": 0.9999687297735919,
  "test_0009.png": 0.9763288644462567,
  "test_0010.png": 0.9924482807979318,
  "test_0011.png": 0.9927195561688513,
  "test_0012.png": 0.9768589573230584,
  "test_0013.png": 0.988271379862836,
  "test_0014.png": 0.8802222170457138,
  "test_0015.png": 0.9936929360957988,
  "test_0016.png": 0.9926949753325027,
  "test_0017.png": 0.696967205094606,
  "test_0018.png": 0.9814425805795483,
  "test_0019.png": 0.9999545308054156,
  "test_0020.png": 0.9964111692433084,
  "test_0021.png": 0.9998679889487425,
  "test_0022.png": 0.9999917072616991,
  "test_0023.png": 0.9004777991979691,
  "test_0024.png": 0.9978972087896694,
  "test_0025.png": 0.9999839564163148,
  "test_0026.png": 0.9860642244472049,
  "test_0027.png": 0.9698760920124044,
  "test_0028.png": 0.9999686462414253,
  "test_0029.png": 0.9993185687354702,
  "test_0030.png": 0.9998576508790874,
  "test_0031.png": 0.9999921871164974,
  "test_0032.png": 0.9993875569252184,
  "test_0033.png": 0.9911707673666174,
  "test_0034.png": 0.9999980962309271,
  "test_0035.png": 0.9827356027178986,
  "test_0036.png": 0.4527727964972306,
  "test_0037.png": 0.7250519966006332,
  "test_0038.png": 0.5996235100505999,
  "test_0039.png": 0.6588482926149385,
  "test_0040.png": 0.6852855685678271,
  "test_0041.png": 0.7963494105960581,
  "test_0042.png": 0.8573973820460032,
  "test_0043.png": 0.7774812029647975,
  "test_0044.png": 0.7001746850759641,
  "test_0045.png": 0.8615988865753302,
  "test_0046.png": 0.5891733717790596,
  "test_0047.png": 0.4806204554596884,
  "test_0048.png": 0.8091961296880495,
  "test_0049.png": 0.6423014392651392,
  "test_0050.png": 0.7979090333419108,
  "test_0051.png": 0.8134213192424572,
  "test_0052.png": 0.6668443556085152,
  "test_0053.png": 0.547632434710741,
  "test_0054.png": 0.4499897822356088,
  "test_0055.png": 0.6688760571871813,
  "test_0056.png": 0.49499654398297877,
  "test_0057.png": 0.5643089220058998,
  "test_0058.png": 0.799022027994052,
  "test_0059.png": 0.6465645012874539,
  "test_0060.png": 0.5148057973918994,
  "test_0061.png": 0.6072331037559392,
  "test_0062.png": 0.6626902876567073,
  "test_0063.png": 0.49807202738907025,
  "test_0064.png": 0.999130975523648,
  "test_0065.png": 0.7346149076284968,
  "test_0066.png": 0.9952205320287641,
  "test_0067.png": 0.9999239620563751,
  "test_0068.png": 0.9997657018074868,
  "test_0069.png": 0.9978617510149147,
  "test_0070.png": 0.999940623200767,
  "test_0071.png": 0.9999939861236505,
  "test_0072.png": 0.9999943976560002,
  "test_0073.png": 0.9995143602046245,
  "test_0074.png": 0.9999218038577191,
  "test_0075.png": 0.9993571433996967,
  "test_0076.png": 0.995937554522369,
  "test_0077.png": 0.9989785440653541,
  "test_0078.png": 0.9999570440785045,
  "test_0079.png": 0.9992263969631785,
  "test_0080.png": 0.9247756638101464,
  "test_0081.png": 0.4953076393060777,
  "test_0082.png": 0.6619897486691312,
  "test_0083.png": 0.9991567627292494,
  "test_0084.png": 0.9998221583046133,
  "test_0085.png": 0.9999820475590289,
  "test_0086.png": 0.9999947382869502,
  "test_0087.png": 0.9999937204710521,
  "test_0088.png": 0.9999623823353344,
  "test_0089.png": 0.9999842785181635,
  "test_0090.png": 0.9943920352935461,
  "test_0091.png": 0.9999849464610343,
  "test_0092.png": 0.990167214511524,
  "test_0093.png": 0.99819564690783,
  "test_0094.png": 0.9985050622260779,
  "test_0095.png": 0.7919709399486954,
  "test_0096.png": 0.998833806800942,
  "test_0097.png": 0.9997333268213681,
  "test_0098.png": 0.9998383705369036,
  "test_0099.png": 0.8925607137624177,
  "test_0100.png": 0.9997746261608313,
  "test_0101.png": 0.9866874658865102,
  "test_0102.png": 0.9994973926748054,
  "test_0103.png": 0.9999348590891236,
  "test_0104.png": 0.9989856825480942,
  "test_0105.png": 0.9995168948810269,
  "test_0106.png": 0.9999972464106156,
  "test_0107.png": 0.8160332880094566,
  "test_0108.png": 0.9997673559357828,
  "test_0109.png": 0.9993625356263891,
  "test_0110.png": 0.9999253000519727,
  "test_0111.png": 0.9998125086590759,
  "test_0112.png": 0.7218633210146812,
  "test_0113.png": 0.8273791678201566,
  "test_0114.png": 0.9969223741767141,
  "test_0115.png": 0.999760473611501,
  "test_0116.png": 0.5214901718195736
}
