{
  "test_0000.png": 0.9999999747083765,
  "test_0001.png": 0.9999832141889367,
  "test_0002.png": 0.9702890472549666,
  "test_0003.png": 0.9990366624181797,
  "test_0004.png": 0.9999698058748916,
  "test_0005.png": 0.8959514165015443,
  "test_0006.png": 0.982906754708948,
  "test_0007.png": 0.9998624742400425,
  "test_0008.png": 0.9999999853912274,
  "test_0009.png": 0.9965617224622945,
  "test_0010.png": 0.9998727052217581,
  "test_0011.png": 0.9976148884505252,
  "test_0012.png": 0.9956369731381641,
  "test_0013.png": 0.9989080026905779,
  "test_0014.png": 0.9302217645375264,
  "test_0015.png": 0.9986062925702277,
  "test_0016.png": 0.9966103683161458,
  "test_0017.png": 0.517821508891258,
  "test_0018.png": 0.9955759583253008,
  "test_0019.png": 0.9999996580144003,
  "test_0020.png": 0.9998901164317089,
  "test_0021.png": 0.9999893427185288,
  "test_0022.png": 0.9999977411191792,
  "test_0023.png": 0.9176039142982567,
  "test_0024.png": 0.9992374267810564,
  "test_0025.png": 0.9999957671057624,
  "test_0026.png": 0.9996275222856499,
  "test_0027.png": 0.99211553062372,
  "test_0028.png": 0.9999993340966642,
  "test_0029.png": 0.9999568654473547,
  "test_0030.png": 0.999989462214087,
  "test_0031.png": 0.999997513092919,
  "test_0032.png": 0.9998710309495019,
  "test_0033.png": 0.999322447606943,
  "test_0034.png": 0.9999965412070084,
  "test_0035.png": 0.9934748499737773,
  "test_0036.png": 0.14143746121078335,
  "test_0037.png": 0.5257034347771161,
  "test_0038.png": 0.4740597568476964,
  "test_0039.png": 0.5615840381867115,
  "test_0040.png": 0.6563183240932398,
  "test_0041.png": 0.6999938218777384,
  "test_0042.png": 0.8937600091782469,
  "test_0043.png": 0.8308937286628781,
  "test_0044.png": 0.5599583518081367,
  "test_0045.png": 0.9420439450196466,
  "test_0046.png": 0.6488860199083962,
  "test_0047.png": 0.26444826044363995,
  "test_0048.png": 0.8593416710308102,
  "test_0049.png": 0.5148048134646008,
  "test_0050.png": 0.859979513230315,
  "test_0051.png": 0.83810624601522,
  "test_0052.png": 0.6443101098774368,
  "test_0053.png": 0.3206826547228479,
  "test_0054.png": 0.2413970517480918,
  "test_0055.png": 0.7076440178545436,
  "test_0056.png": 0.22073963446880604,
  "test_0057.png": 0.39852768320822035,
  "test_0058.png": 0.7504455129001089,
  "test_0059.png": 0.4619941360296487,
  "test_0060.png": 0.16638206663573704,
  "test_0061.png": 0.4102698251313684,
  "test_0062.png": 0.7521983848707955,
  "test_0063.png": 0.5405781222072367,
  "test_0064.png": 0.9998657390577635,
  "test_0065.png": 0.45668774171027754,
  "test_0066.png": 0.9983287698549199,
  "test_0067.png": 0.9999844386689251,
  "test_0068.png": 0.9999589503720256,
  "test_0069.png": 0.9982313496751191,
  "test_0070.png": 0.9999560451115386,
  "test_0071.png": 0.9999993622699851,
  "test_0072.png": 0.9999955783904809,
  "test_0073.png": 0.9999008115898307,
  "test_0074.png": 0.999972005285662,
  "test_0075.png": 0.9998383604877983,
  "test_0076.png": 0.9990592738495178,
  "test_0077.png": 0.9998369885069838,
  "test_0078.png": 0.999966277053803,
  "test_0079.png": 0.9995331982925705,
  "test_0080.png": 0.9812703703083896,
  "test_0081.png": 0.41811310049321754,
  "test_0082.png": 0.534525029669795,
  "test_0083.png": 0.9996886605045847,
  "test_0084.png": 0.9998171631289594,
  "test_0085.png": 0.9999821816111472,
  "test_0086.png": 0.9999983655357266,
  "test_0087.png": 0.9999922015818794,
  "test_0088.png": 0.9999937255124955,
  "test_0089.png": 0.9999597204364414,
  "test_0090.png": 0.9956900519414472,
  "test_0091.png": 0.9999890311203122,
  "test_0092.png": 0.9913801504339421,
  "test_0093.png": 0.9998366041099414,
  "test_0094.png": 0.9993802950107242,
  "test_0095.png": 0.777276378778624,
  "test_0096.png": 0.9978228231336456,
  "test_0097.png": 0.9998769096545712,
  "test_0098.png": 0.9999222868946324,
  "test_0099.png": 0.8843753027717552,
  "test_0100.png": 0.9996578025815466,
  "test_0101.png": 0.9815270893559197,
  "test_0102.png": 0.9998887631386315,
  "test_0103.png": 0.9999927372895658,
  "test_0104.png": 0.9999505893106085,
  "test_0105.png": 0.999895591005712,
  "test_0106.png": 0.9999993795456751,
  "test_0107.png": 0.8369209463685982,
  "test_0108.png": 0.9999731718895651,
  "test_0109.png": 0.9999328447296653,
  "test_0110.png": 0.9999710128344887,
  "test_0111.png": 0.9999406532324469,
  "test_0112.png": 0.5270339403839135,
  "test_0113.png": 0.9171438728435296,
  "test_0114.png": 0.9994225469718188,
  "test_0115.png": 0.999987899627575,
  "test_0116.png": 0.4067869444138882
}
