{
  "test_0000.png": 0.9999999999322311,
  "test_0001.png": 0.9999996646833688,
  "test_0002.png": 0.9903202591533733,
  "test_0003.png": 0.9999354614258167,
  "test_0004.png": 0.99999899230794,
  "test_0005.png": 0.9707435072856944,
  "test_0006.png": 0.9829527088447284,
  "test_0007.png": 0.9999386038396859,
  "test_0008.png": 0.9999999999996585,
  "test_0009.png": 0.9995351433183298,
  "test_0010.png": 0.9999873385171515,
  "test_0011.png": 0.998143941196598,
  "test_0012.png": 0.9999353325395488,
  "test_0013.png": 0.9999970287217181,
  "test_0014.png": 0.9856205767936457,
  "test_0015.png": 0.9999948893462511,
  "test_0016.png": 0.9999251934091073,
  "test_0017.png": 0.570992928296585,
  "test_0018.png": 0.9992560549299001,
  "test_0019.png": 0.999999999999819,
  "test_0020.png": 0.9999999693582982,
  "test_0021.png": 0.9999999999679192,
  "test_0022.png": 0.9999999999996656,
  "test_0023.png": 0.9306907610273789,
  "test_0024.png": 0.9999997853392227,
  "test_0025.png": 0.9999999999978171,
  "test_0026.png": 0.9999991610337302,
  "test_0027.png": 0.9991283034651907,
  "test_0028.png": 0.9999999999992697,
  "test_0029.png": 0.9999999970409088,
  "test_0030.png": 0.9999999978075778,
  "test_0031.png": 0.9999999999997602,
  "test_0032.png": 0.9999999590950089,
  "test_0033.png": 0.9999995959690928,
  "test_0034.png": 0.9999999999996068,
  "test_0035.png": 0.9999899814248965,
  "test_0036.png": 0.019053053370390247,
  "test_0037.png": 0.46515679591322906,
  "test_0038.png": 0.09374461991773032,
  "test_0039.png": 0.16737653448863643,
  "test_0040.png": 0.2559375086006832,
  "test_0041.png": 0.5578634339162407,
  "test_0042.png": 0.6045723782839921,
  "test_0043.png": 0.20282376408223124,
  "test_0044.png": 0.25094207918876194,
  "test_0045.png": 0.38258187074576117,
  "test_0046.png": 0.06964896108406063,
  "test_0047.png": 0.04718648370688847,
  "test_0048.png": 0.47840487320054265,
  "test_0049.png": 0.14143909437439856,
  "test_0050.png": 0.6330635136919784,
  "test_0051.png": 0.2633142419076301,
  "test_0052.png": 0.10898859725414825,
  "test_0053.png": 0.18214584364829678,
  "test_0054.png": 0.0703237292025833,
  "test_0055.png": 0.928430464880285,
  "test_0056.png": 0.03184305096930401,
  "test_0057.png": 0.31502287084437797,
  "test_0058.png": 0.7537124849707747,
  "test_0059.png": 0.1090754489705831,
  "test_0060.png": 0.08195325545571734,
  "test_0061.png": 0.46977910905673026,
  "test_0062.png": 0.9688271565595145,
  "test_0063.png": 0.28837564770890184,
  "test_0064.png": 0.9999979641270557,
  "test_0065.png": 0.626949094780308,
  "test_0066.png": 0.9999843400107912,
  "test_0067.png": 0.9999999995264846,
  "test_0068.png": 0.9999999223671439,
  "test_0069.png": 0.9999999219216097,
  "test_0070.png": 0.9999999932580061,
  "test_0071.png": 0.9999999999999198,
  "test_0072.png": 0.9999999999989999,
  "test_0073.png": 0.9999999988086818,
  "test_0074.png": 0.999999996752486,
  "test_0075.png": 0.9999999354367515,
  "test_0076.png": 0.9999988646256496,
  "test_0077.png": 0.9999999797973649,
  "test_0078.png": 0.9999999979728991,
  "test_0079.png": 0.9999995678332916,
  "test_0080.png": 0.9988978544166177,
  "test_0081.png": 0.12357645442614959,
  "test_0082.png": 0.6738629583991778,
  "test_0083.png": 0.9999844672977021,
  "test_0084.png": 0.9999996370824313,
  "test_0085.png": 0.999999991248418,
  "test_0086.png": 0.9999999999974776,
  "test_0087.png": 0.9999999995458755,
  "test_0088.png": 0.99999999998582,
  "test_0089.png": 0.9999999985405121,
  "test_0090.png": 0.9999523456841211,
  "test_0091.png": 0.9999999995980371,
  "test_0092.png": 0.9994217797827619,
  "test_0093.png": 0.9999992718457955,
  "test_0094.png": 0.9999980544939655,
  "test_0095.png": 0.9658023786869909,
  "test_0096.png": 0.9999743740360056,
  "test_0097.png": 0.9999972095163182,
  "test_0098.png": 0.9999999999937994,
  "test_0099.png": 0.981024360132302,
  "test_0100.png": 0.9999999380328467,
  "test_0101.png": 0.999997600685242,
  "test_0102.png": 0.9999999998476896,
  "test_0103.png": 0.9999999999827827,
  "test_0104.png": 0.9999999628082019,
  "test_0105.png": 0.9999999831000302,
  "test_0106.png": 0.9999999999999993,
  "test_0107.png": 0.41288947572747275,
  "test_0108.png": 0.9999999992937005,
  "test_0109.png": 0.9999999523039751,
  "test_0110.png": 0.9999999998642308,
  "test_0111.png": 0.9999999981053824,
  "test_0112.png": 0.8214376294792357,
  "test_0113.png": 0.650258333038127,
  "test_0114.png": 0.9999984736843919,
  "test_0115.png": 0.9999999999885913,
  "test_0116.png": 0.3334171366500331
}
