{
  "test_0000.png": 4.244180202484131,
  "test_0001.png": 3.717458486557007,
  "test_0002.png": 4.063133716583252,
  "test_0003.png": 6.303483009338379,
  "test_0004.png": 4.225327491760254,
  "test_0005.png": 4.003559112548828,
  "test_0006.png": 4.546623706817627,
  "test_0007.png": 3.8152782917022705,
  "test_0008.png": 4.12101936340332,
  "test_0009.png": 3.9508070945739746,
  "test_0010.png": 4.487059116363525,
  "test_0011.png": 3.501436471939087,
  "test_0012.png": 4.041784286499023,
  "test_0013.png": 3.532045364379883,
  "test_0014.png": 3.9186348915100098,
  "test_0015.png": 4.157620429992676,
  "test_0016.png": 4.164885520935059,
  "test_0017.png": 4.055835723876953,
  "test_0018.png": 4.186935901641846,
  "test_0019.png": 3.8425393104553223,
  "test_0020.png": 2.452993154525757,
  "test_0021.png": 4.176698207855225,
  "test_0022.png": 3.9208006858825684,
  "test_0023.png": 4.137155055999756,
  "test_0024.png": 4.375729084014893,
  "test_0025.png": 3.4143424034118652,
  "test_0026.png": 4.263535499572754,
  "test_0027.png": 3.207456111907959,
  "test_0028.png": 3.426388740539551,
  "test_0029.png": 4.137228012084961,
  "test_0030.png": 3.840095281600952,
  "test_0031.png": 3.353382110595703,
  "test_0032.png": 4.622527122497559,
  "test_0033.png": 3.887296438217163,
  "test_0034.png": 3.1050801277160645,
  "test_0035.png": 3.4992167949676514,
  "test_0036.png": 4.092098712921143,
  "test_0037.png": 4.359466552734375,
  "test_0038.png": 4.597097396850586,
  "test_0039.png": 3.8015308380126953,
  "test_0040.png": 4.067899227142334,
  "test_0041.png": 3.9636917114257812,
  "test_0042.png": 4.087159156799316,
  "test_0043.png": 3.313847064971924,
  "test_0044.png": 3.6447246074676514,
  "test_0045.png": 2.221188545227051,
  "test_0046.png": 2.6166958808898926,
  "test_0047.png": 3.8142309188842773,
  "test_0048.png": 3.5995280742645264,
  "test_0049.png": 56.63971710205078,
  "test_0050.png": 3.6720263957977295,
  "test_0051.png": 3.0966434478759766,
  "test_0052.png": 3.414655923843384,
  "test_0053.png": 3.3220815658569336,
  "test_0054.png": 2.9747447967529297,
  "test_0055.png": 11.568526268005371,
  "test_0056.png": 6.892139911651611,
  "test_0057.png": 3.28946590423584,
  "test_0058.png": 3.079669713973999,
  "test_0059.png": 54.044166564941406,
  "test_0060.png": 4.043563365936279,
  "test_0061.png": 2.389814853668213,
  "test_0062.png": 3.381739377975464,
  "test_0063.png": 1.8340537548065186,
  "test_0064.png": 1.6126865148544312,
  "test_0065.png": 1.5945336818695068,
  "test_0066.png": 3.281719923019409,
  "test_0067.png": 1.5185441970825195,
  "test_0068.png": 1.4063992500305176,
  "test_0069.png": 2.5319864749908447,
  "test_0070.png": 1.9363003969192505,
  "test_0071.png": 1.4452238082885742,
  "test_0072.png": 1.7388432025909424,
  "test_0073.png": 1.981389045715332,
  "test_0074.png": 1.6492938995361328,
  "test_0075.png": 1.6341129541397095,
  "test_0076.png": 2.1007802486419678,
  "test_0077.png": 1.4713332653045654,
  "test_0078.png": 1.9964256286621094,
  "test_0079.png": 3.2156131267547607,
  "test_0080.png": 3.3277149200439453,
  "test_0081.png": 1.9508506059646606,
  "test_0082.png": 1.9515818357467651
}
